Runway ID,airport_id,Runway Length,Runway Surface
399,1903,2896,Concrete
733,2480,3147,Gravel
467,1664,3748,Concrete
855,1090,1283,Grass
147,1906,2358,Concrete
418,1451,1355,Concrete
779,1845,3824,Concrete
96,466,2509,Asphalt
242,932,3243,Grass
24,2671,2711,Asphalt
156,2832,1828,Grass
521,2295,3086,Grass
817,14,2626,Concrete
365,1800,2818,Grass
510,438,1748,Concrete
870,2236,1519,Asphalt
500,2021,1649,Grass
694,1993,3947,Gravel
854,494,1078,Gravel
40,2037,3680,Grass
605,1340,1241,Asphalt
764,197,3284,Concrete
311,733,2110,Asphalt
846,2574,1210,Gravel
457,129,1785,Gravel
944,63,1255,Concrete
174,690,2427,Concrete
829,1345,2719,Grass
568,2166,1416,Grass
446,811,1120,Concrete
386,2201,3798,Concrete
614,52,3015,Asphalt
690,1324,1479,Asphalt
784,1966,1025,Asphalt
691,219,3189,Asphalt
78,509,3116,Concrete
744,920,3437,Gravel
595,2356,3266,Gravel
586,2086,2338,Asphalt
257,2205,2781,Concrete
428,2614,1394,Concrete
468,2681,1247,Asphalt
496,627,1446,Concrete
659,1079,3586,Concrete
261,206,3101,Grass
815,2467,3741,Gravel
348,1913,2714,Gravel
988,1074,1493,Concrete
705,660,3141,Asphalt
289,1881,1176,Gravel
529,1408,3472,Asphalt
254,1972,3302,Gravel
683,820,2667,Grass
932,298,3234,Grass
655,1035,1359,Gravel
108,565,2922,Grass
277,1956,2628,Gravel
947,26,1982,Gravel
2,2152,3915,Concrete
120,776,1548,Grass
737,427,1430,Asphalt
991,1845,3900,Asphalt
416,1100,1188,Grass
318,1766,3078,Concrete
258,1794,3274,Gravel
347,1244,3642,Concrete
149,2450,1628,Gravel
389,2224,2356,Concrete
717,269,3012,Grass
646,2613,3878,Grass
704,960,2594,Grass
193,2217,3687,Gravel
518,2406,3380,Gravel
244,447,1918,Gravel
220,2886,1719,Gravel
401,2856,2603,Gravel
904,1424,2790,Gravel
199,1275,3834,Concrete
669,1112,1174,Grass
412,1097,3070,Grass
460,884,3745,Concrete
670,1297,2384,Asphalt
70,950,2578,Asphalt
866,2146,3012,Grass
610,1727,2546,Asphalt
497,566,3690,Asphalt
207,2067,3986,Asphalt
204,2169,3056,Asphalt
585,2500,1245,Grass
773,1329,1836,Concrete
115,1695,2977,Concrete
535,962,3869,Concrete
50,1099,1408,Grass
961,1365,3994,Gravel
101,92,2477,Concrete
894,1459,2021,Asphalt
907,344,3974,Gravel
417,2898,1744,Concrete
434,1453,2046,Gravel
237,1446,3881,Asphalt
238,966,1432,Gravel
517,2097,1747,Asphalt
835,1174,1363,Concrete
137,503,1712,Grass
628,1698,1904,Concrete
84,1815,1307,Asphalt
562,1776,1566,Asphalt
59,1573,3817,Concrete
909,864,3410,Asphalt
87,2849,2022,Concrete
629,527,1963,Gravel
372,657,1308,Concrete
27,672,3360,Concrete
466,273,3370,Gravel
949,2979,2421,Asphalt
447,2074,2196,Gravel
640,2483,1209,Grass
781,1998,2693,Grass
499,2695,2794,Grass
839,2172,2935,Grass
46,1103,3406,Asphalt
739,719,3458,Asphalt
128,805,2742,Asphalt
696,590,2351,Gravel
751,1558,1334,Concrete
459,2399,3870,Concrete
841,1722,3404,Gravel
965,1310,3313,Grass
565,2660,2213,Grass
734,2851,1829,Asphalt
759,2758,2840,Gravel
361,1510,2105,Gravel
954,258,2009,Asphalt
305,196,1903,Asphalt
919,1775,2551,Gravel
980,2268,2199,Concrete
968,2128,1935,Concrete
215,2546,1884,Asphalt
861,2541,2221,Gravel
136,2767,2815,Grass
559,1872,1086,Concrete
268,1825,2642,Concrete
38,2140,2792,Gravel
131,120,2911,Concrete
333,885,2696,Concrete
482,590,2565,Concrete
613,1497,1984,Asphalt
90,842,1092,Gravel
754,541,3271,Concrete
187,437,2935,Asphalt
778,1505,2140,Grass
752,342,1942,Asphalt
699,2990,3622,Asphalt
992,2392,2857,Gravel
461,29,3445,Gravel
5,1055,3724,Concrete
409,790,2746,Concrete
367,148,2625,Grass
290,990,3081,Concrete
107,2136,3524,Asphalt
970,672,2643,Gravel
837,1052,2021,Gravel
265,1854,2629,Grass
433,2869,1463,Concrete
162,2254,3165,Asphalt
671,1909,3757,Gravel
288,2527,1111,Gravel
875,2961,1199,Gravel
151,1068,1496,Asphalt
644,948,1305,Asphalt
385,107,2098,Gravel
774,1453,1049,Gravel
809,1694,1669,Grass
591,1274,1172,Gravel
388,1493,3353,Gravel
617,1447,2795,Asphalt
1000,2417,2678,Concrete
102,1656,1152,Asphalt
94,2007,2384,Concrete
61,2199,1653,Grass
787,107,2174,Grass
686,161,2154,Concrete
502,2776,1442,Asphalt
202,1743,1686,Grass
259,2564,2546,Gravel
121,927,2531,Gravel
926,62,1983,Gravel
996,2407,2323,Grass
222,1192,3046,Concrete
782,961,3503,Concrete
879,269,2587,Asphalt
452,1139,3137,Gravel
357,724,1527,Grass
6,1421,1846,Grass
451,2436,3433,Asphalt
154,596,3419,Grass
455,233,3073,Gravel
269,1461,3009,Asphalt
556,1736,3211,Concrete
400,2279,1975,Concrete
645,1677,2034,Concrete
330,334,1648,Grass
183,174,3839,Concrete
329,2814,3102,Asphalt
402,2966,3625,Grass
882,2001,1240,Concrete
853,1911,2076,Concrete
82,225,1698,Grass
827,996,3993,Asphalt
676,871,1434,Asphalt
567,594,1716,Concrete
771,2691,1134,Gravel
133,822,2444,Grass
223,31,3585,Gravel
560,809,3848,Asphalt
358,467,3289,Gravel
44,1502,3464,Concrete
150,1425,2005,Concrete
789,1508,2030,Concrete
874,1456,1487,Grass
31,756,2738,Grass
883,959,1227,Asphalt
545,963,2860,Gravel
654,2946,3972,Grass
969,2735,2203,Concrete
99,2260,3046,Gravel
252,113,1266,Grass
221,1560,1330,Gravel
489,1556,3387,Grass
597,2555,2830,Asphalt
122,2050,3455,Grass
711,2391,1288,Gravel
901,1889,1999,Concrete
551,1314,3466,Asphalt
498,251,3428,Concrete
791,2100,1185,Grass
902,2945,2804,Asphalt
346,754,1569,Asphalt
47,1686,3005,Grass
302,2707,1362,Gravel
440,234,2444,Concrete
36,406,2531,Gravel
849,824,3845,Grass
51,1266,3066,Gravel
472,168,1307,Asphalt
831,537,2201,Grass
530,934,2067,Asphalt
104,1718,3856,Grass
407,1506,3369,Asphalt
742,1629,1150,Asphalt
354,1910,3768,Concrete
331,2826,2935,Concrete
616,1911,1579,Gravel
493,2917,2472,Grass
930,1575,1988,Gravel
548,2914,2137,Grass
978,2143,1401,Asphalt
886,1905,2199,Gravel
462,1441,2424,Gravel
966,2101,1008,Asphalt
337,456,2591,Asphalt
637,841,3749,Asphalt
834,2485,3940,Gravel
463,208,2660,Gravel
124,2887,3438,Concrete
473,1774,3411,Gravel
802,348,2013,Asphalt
198,194,1364,Concrete
859,1934,3257,Gravel
453,1052,3453,Asphalt
380,2825,2827,Gravel
178,1195,1154,Grass
490,2680,1456,Grass
964,1882,1694,Asphalt
283,1904,3009,Asphalt
514,2307,2255,Asphalt
100,1803,1571,Asphalt
681,2135,2858,Asphalt
780,1765,1033,Grass
321,1782,3244,Concrete
169,232,3296,Gravel
105,1484,3852,Grass
665,1047,1179,Gravel
352,421,1027,Gravel
927,1987,1870,Asphalt
569,756,2898,Gravel
284,792,1141,Gravel
125,1656,1363,Gravel
393,763,2144,Grass
240,967,3212,Asphalt
602,2697,3805,Gravel
71,1006,2471,Gravel
844,1691,3388,Concrete
788,2761,2236,Asphalt
756,1477,3901,Gravel
146,2087,1299,Asphalt
43,1906,2016,Grass
501,937,1206,Grass
170,640,1857,Grass
226,237,3442,Asphalt
945,193,2922,Concrete
723,289,3994,Asphalt
606,723,3558,Gravel
836,411,2119,Asphalt
990,849,1894,Asphalt
937,331,1460,Asphalt
753,79,3012,Concrete
233,772,3998,Asphalt
566,1387,3683,Gravel
842,1970,2211,Grass
716,147,2774,Asphalt
955,732,1459,Gravel
394,1062,1201,Asphalt
516,2076,1246,Grass
777,1333,3485,Asphalt
374,2061,1273,Gravel
140,49,2830,Grass
112,2373,3821,Concrete
928,2532,2763,Concrete
48,1723,1526,Grass
804,2272,2328,Concrete
234,257,2342,Concrete
755,2296,2178,Asphalt
180,2758,1906,Gravel
512,870,2403,Gravel
197,2955,3866,Asphalt
962,823,1638,Grass
230,395,2775,Grass
889,2543,3374,Asphalt
638,2739,1684,Concrete
877,333,3071,Asphalt
171,2504,2905,Asphalt
760,2861,3879,Asphalt
476,2129,1805,Grass
441,1910,2924,Concrete
163,1716,3392,Asphalt
807,2013,3710,Gravel
378,767,1694,Grass
663,1483,2875,Asphalt
481,645,1328,Concrete
368,2924,1847,Concrete
448,397,3176,Gravel
571,1821,2332,Asphalt
999,522,3227,Concrete
688,1711,3837,Grass
523,2941,2753,Grass
260,1778,1695,Concrete
138,1597,3835,Concrete
935,2482,2547,Grass
332,2835,3735,Gravel
740,1071,1359,Grass
921,1834,3260,Grass
379,683,1002,Asphalt
808,785,1491,Grass
867,1326,1180,Asphalt
264,1662,2498,Grass
527,353,2262,Gravel
729,247,1010,Concrete
667,642,2675,Asphalt
225,1996,3390,Gravel
153,329,3902,Gravel
73,1066,1564,Grass
727,2622,2762,Grass
709,2750,2430,Grass
247,1509,3224,Grass
979,2967,3407,Asphalt
53,1691,1994,Concrete
364,2928,3484,Grass
963,725,2245,Gravel
722,646,2327,Grass
421,2966,3779,Concrete
604,2677,1681,Concrete
916,1516,2903,Asphalt
317,2076,2179,Gravel
291,1702,3312,Asphalt
570,1298,2946,Concrete
139,1397,1734,Concrete
726,2213,1652,Concrete
255,304,3778,Concrete
546,878,3268,Gravel
975,2803,3383,Grass
161,2233,2664,Gravel
245,329,3096,Grass
642,2628,1987,Concrete
95,295,2330,Grass
925,352,3750,Asphalt
313,2595,1940,Asphalt
609,40,3049,Concrete
45,2006,2094,Gravel
12,578,2451,Gravel
958,2589,2724,Concrete
485,652,2431,Asphalt
762,2149,3740,Grass
294,1407,3865,Asphalt
325,832,2584,Asphalt
776,858,2793,Grass
869,2301,1816,Asphalt
672,2615,2831,Concrete
469,7,2821,Gravel
749,2009,1482,Concrete
534,943,2599,Asphalt
761,2885,2053,Asphalt
803,2751,1479,Asphalt
116,2103,2832,Concrete
278,2675,2362,Gravel
390,2942,2507,Concrete
21,2819,3375,Asphalt
515,1802,3270,Gravel
110,942,2115,Concrete
218,1422,2606,Concrete
177,1586,1477,Concrete
334,1857,3163,Asphalt
483,544,2350,Gravel
914,340,3060,Asphalt
30,1005,3160,Asphalt
353,1266,3728,Asphalt
219,1441,1358,Asphalt
888,2112,1801,Asphalt
555,2962,2090,Concrete
580,2604,1080,Asphalt
677,2751,1425,Asphalt
819,1836,3178,Gravel
731,2736,2460,Grass
708,89,3822,Gravel
439,106,3812,Concrete
477,1975,2427,Concrete
641,1125,3659,Asphalt
246,2357,3812,Concrete
227,942,1066,Grass
165,1199,2689,Gravel
796,2336,3856,Gravel
83,597,2482,Gravel
28,1942,2375,Asphalt
195,890,1058,Asphalt
772,367,2468,Asphalt
624,1308,2835,Grass
697,1976,1248,Gravel
282,281,1992,Gravel
662,2697,3906,Concrete
118,1909,3782,Gravel
891,2115,3712,Gravel
851,1703,2656,Concrete
142,2686,3882,Asphalt
458,1784,1415,Gravel
685,2572,1700,Grass
593,1143,1838,Concrete
301,1497,2387,Asphalt
983,225,2243,Grass
339,2137,2665,Asphalt
403,612,2731,Asphalt
373,2634,2962,Asphalt
369,2342,2473,Gravel
508,843,2445,Asphalt
952,2127,1885,Grass
747,2518,3424,Asphalt
9,664,1052,Gravel
532,1578,3833,Asphalt
976,1444,2117,Grass
507,2721,3602,Asphalt
898,1727,1504,Grass
432,349,3761,Gravel
524,2697,1037,Gravel
832,1148,3983,Grass
232,2815,1996,Gravel
52,2024,3635,Grass
14,2571,2536,Gravel
900,2071,1087,Concrete
810,403,3256,Asphalt
57,1480,1614,Asphalt
574,1725,1034,Gravel
757,2934,3111,Concrete
601,874,1333,Gravel
738,384,1774,Gravel
675,2354,3802,Concrete
622,242,2124,Concrete
647,1125,3213,Asphalt
793,68,1604,Concrete
7,2583,2083,Concrete
795,363,1920,Concrete
256,1785,3656,Grass
25,2109,3904,Concrete
192,2224,2334,Gravel
286,629,2523,Gravel
74,1299,3277,Asphalt
725,2037,3996,Concrete
578,140,1977,Concrete
392,2250,1369,Concrete
511,1760,3332,Gravel
812,545,3676,Concrete
360,1399,1198,Grass
160,2125,2129,Grass
279,2735,2950,Asphalt
158,189,3030,Concrete
635,1481,2526,Gravel
436,470,2892,Concrete
427,2071,1675,Asphalt
714,2145,3350,Asphalt
196,2027,1762,Concrete
758,1938,3266,Asphalt
525,2386,1695,Grass
540,2251,2243,Grass
408,674,2673,Gravel
526,2304,1486,Concrete
148,1579,2999,Asphalt
987,242,2832,Concrete
823,919,3302,Concrete
344,2566,3337,Gravel
370,2170,2899,Concrete
395,1771,2289,Gravel
315,1263,3139,Gravel
542,738,1594,Concrete
213,2456,2697,Grass
310,1977,2067,Grass
506,1563,1403,Concrete
763,2625,2473,Gravel
912,1020,1579,Concrete
39,1817,1442,Concrete
724,1072,1354,Grass
936,2563,3467,Asphalt
35,2842,1426,Gravel
173,123,1217,Concrete
794,150,1659,Asphalt
504,1752,3547,Grass
217,366,2341,Grass
88,1010,1976,Asphalt
657,1982,1728,Gravel
826,1064,1502,Gravel
478,231,2648,Gravel
343,1192,2052,Asphalt
592,1120,3766,Gravel
845,1156,2540,Grass
209,69,1401,Concrete
375,1970,2101,Asphalt
11,508,3015,Concrete
801,1834,3748,Gravel
377,2453,2895,Gravel
327,70,2874,Concrete
943,586,2403,Grass
588,702,2272,Concrete
484,2020,3310,Asphalt
342,2893,2131,Asphalt
906,348,1032,Gravel
135,983,2412,Asphalt
487,2941,2583,Asphalt
172,1525,1939,Gravel
957,1152,1162,Concrete
522,42,1123,Grass
822,2475,2665,Gravel
689,2433,1971,Gravel
351,1417,1049,Asphalt
950,2161,1470,Asphalt
583,1169,3155,Asphalt
340,2251,1161,Concrete
345,532,3044,Asphalt
470,2029,2029,Gravel
783,1010,1607,Concrete
553,1973,2224,Gravel
322,2249,1722,Grass
155,895,1849,Asphalt
98,146,1877,Asphalt
719,1346,3650,Asphalt
816,2350,3122,Gravel
111,2507,1592,Concrete
790,1939,3916,Grass
338,245,1270,Grass
908,967,2542,Asphalt
430,2678,3512,Asphalt
465,1400,2477,Concrete
885,1509,1225,Grass
10,6,1700,Gravel
895,2143,1913,Grass
251,1402,3743,Gravel
857,1187,1937,Asphalt
533,658,1046,Grass
307,1304,3083,Asphalt
16,2472,1296,Asphalt
960,1751,3986,Gravel
587,981,1458,Asphalt
371,2290,2931,Concrete
93,2071,1320,Grass
767,2621,1497,Concrete
126,926,2597,Gravel
505,409,2051,Asphalt
658,4,1603,Grass
972,2812,2745,Grass
623,1426,1525,Gravel
897,2256,1452,Asphalt
356,805,3824,Gravel
825,2096,2638,Asphalt
442,2800,3763,Grass
480,1066,3644,Gravel
636,2828,1945,Asphalt
184,246,1262,Grass
632,1284,1135,Asphalt
890,1456,2961,Gravel
905,516,1406,Asphalt
65,956,2559,Asphalt
673,2080,2438,Asphalt
231,1472,1089,Asphalt
910,82,3158,Asphalt
549,1516,2366,Gravel
443,827,1270,Gravel
336,111,2121,Grass
786,1277,2821,Grass
250,143,3496,Concrete
319,2615,3619,Asphalt
413,2426,2801,Gravel
745,2852,2453,Concrete
23,2880,1622,Grass
406,158,2719,Grass
363,2537,2936,Concrete
431,946,1204,Asphalt
736,1694,2847,Concrete
503,1904,3058,Concrete
4,446,1735,Concrete
414,2047,1743,Asphalt
314,81,3640,Concrete
211,2206,2831,Grass
312,1236,2264,Asphalt
680,337,3836,Asphalt
746,111,3452,Grass
693,65,1748,Gravel
876,2458,2498,Gravel
203,1911,3601,Asphalt
81,1890,2095,Grass
852,2334,1160,Asphalt
942,2619,3101,Grass
873,306,1204,Asphalt
884,2289,1361,Grass
941,770,1686,Gravel
285,256,3528,Grass
205,1703,2866,Grass
275,213,1658,Asphalt
880,2701,3505,Concrete
798,2560,3389,Concrete
410,359,3599,Grass
415,2145,3380,Grass
599,2356,3922,Gravel
117,2958,2209,Asphalt
539,1742,2512,Gravel
425,1747,1251,Grass
903,2259,3980,Gravel
419,1357,3447,Grass
887,1253,1670,Concrete
843,2139,2024,Gravel
615,2002,1386,Concrete
396,2634,2175,Concrete
830,884,3612,Grass
181,1285,3631,Asphalt
648,890,2313,Asphalt
892,539,1859,Asphalt
824,86,3846,Grass
633,35,3853,Grass
833,2800,1934,Concrete
785,1594,1949,Asphalt
590,382,2305,Grass
159,2681,1904,Gravel
922,2254,3142,Concrete
3,1095,3771,Grass
865,1137,3609,Concrete
32,1462,2505,Grass
341,1860,2546,Concrete
63,1840,1720,Gravel
732,1358,3755,Gravel
871,1027,2309,Gravel
792,1348,1884,Asphalt
114,1647,2205,Grass
320,93,3994,Asphalt
682,1128,3521,Gravel
1,159,2487,Concrete
838,2132,1822,Concrete
959,1887,1069,Grass
328,2253,2978,Grass
997,603,1379,Gravel
940,2936,3477,Concrete
620,2885,2078,Concrete
550,2627,2404,Concrete
956,2437,3940,Grass
241,719,1567,Gravel
295,2414,2576,Grass
893,847,3004,Grass
426,485,2422,Grass
715,796,3986,Concrete
17,2200,3642,Concrete
119,1871,2505,Grass
253,2467,3556,Grass
509,861,1902,Grass
598,394,1033,Gravel
649,1912,3040,Asphalt
271,1938,3863,Grass
939,1502,1121,Concrete
766,2300,1353,Asphalt
563,2459,2194,Gravel
575,716,3332,Grass
653,1475,1463,Grass
728,2501,1686,Gravel
67,2371,2353,Gravel
350,1093,3824,Gravel
572,2549,3919,Grass
557,2886,3667,Asphalt
741,1108,3451,Gravel
190,1977,2669,Gravel
720,1444,1330,Asphalt
167,564,2557,Asphalt
698,1133,2447,Concrete
55,1238,3002,Concrete
608,2486,2943,Asphalt
995,1227,2936,Gravel
850,631,3952,Concrete
611,1050,2515,Grass
856,359,3873,Gravel
528,2802,2798,Gravel
420,1353,2307,Asphalt
712,2359,2803,Gravel
872,909,3225,Concrete
797,1932,1294,Grass
913,753,2888,Grass
130,1210,2271,Grass
274,924,3632,Asphalt
42,2701,2524,Concrete
730,904,1552,Grass
293,982,1181,Grass
552,2492,3145,Concrete
229,537,3327,Asphalt
848,2347,3992,Concrete
456,1950,1031,Asphalt
674,946,2026,Concrete
296,44,1705,Asphalt
152,301,3578,Grass
475,2468,1458,Gravel
554,1510,1373,Concrete
298,1115,1014,Concrete
77,195,2798,Gravel
424,1082,1786,Gravel
491,550,3889,Concrete
828,1332,3838,Grass
985,441,3114,Gravel
868,938,3300,Concrete
362,1429,3751,Grass
376,2361,1645,Gravel
8,2925,1161,Grass
185,1041,1896,Gravel
627,1383,1571,Gravel
603,2331,1164,Asphalt
208,52,2970,Gravel
536,2792,1146,Grass
878,1688,3590,Asphalt
643,2702,1227,Concrete
495,2410,3125,Grass
387,790,1988,Concrete
471,2695,3745,Concrete
382,435,2668,Gravel
449,2833,2408,Concrete
577,535,2061,Concrete
103,627,2482,Grass
60,1532,2739,Concrete
718,2402,3249,Gravel
37,1727,2161,Asphalt
297,2408,1382,Asphalt
664,2574,2885,Asphalt
324,71,3216,Grass
186,1077,2866,Grass
189,1099,2789,Gravel
631,2589,2666,Asphalt
986,905,3516,Grass
216,711,2312,Gravel
840,582,2723,Grass
488,2767,1278,Grass
713,2318,1354,Concrete
948,1155,3833,Grass
123,1528,3371,Concrete
15,2670,3189,Concrete
58,608,2058,Asphalt
564,2670,3940,Asphalt
168,576,1571,Grass
75,2449,1944,Asphalt
576,667,1063,Concrete
621,630,2341,Asphalt
607,1017,1858,Asphalt
612,1007,3740,Asphalt
29,545,3909,Gravel
984,2607,3056,Gravel
558,2186,1272,Asphalt
236,1223,2080,Asphalt
929,1679,3991,Gravel
474,510,3036,Concrete
573,578,2954,Asphalt
224,1603,2286,Asphalt
924,2063,1796,Gravel
228,2667,2920,Grass
134,2656,2028,Grass
76,706,3121,Gravel
765,1850,3307,Gravel
91,1128,1351,Asphalt
300,2352,3813,Grass
306,2457,3694,Concrete
34,2699,3654,Gravel
64,1990,3915,Gravel
166,2521,3589,Asphalt
18,1941,1928,Asphalt
89,985,3369,Asphalt
862,1587,3769,Grass
618,496,2376,Gravel
931,1926,3659,Asphalt
326,1143,3763,Gravel
656,1125,3454,Concrete
127,2491,3564,Asphalt
248,280,3961,Asphalt
594,1172,3530,Grass
520,1892,2917,Concrete
625,980,3456,Grass
582,1117,2296,Concrete
982,795,3495,Concrete
513,1111,1151,Grass
33,2000,3907,Gravel
355,1111,1419,Concrete
20,1215,3091,Grass
748,2716,2141,Asphalt
743,1500,1291,Asphalt
179,309,3325,Grass
820,2755,2834,Concrete
366,1792,3268,Gravel
479,884,1893,Concrete
194,1802,3326,Grass
263,1775,2486,Grass
626,417,1978,Gravel
818,2904,3121,Grass
445,2251,2722,Gravel
316,1336,1777,Grass
971,2783,3390,Gravel
967,1762,1845,Asphalt
993,76,1962,Grass
710,128,3822,Asphalt
899,822,2824,Gravel
86,2713,1535,Concrete
249,16,1079,Asphalt
974,433,1819,Grass
651,1,2029,Concrete
54,1200,2272,Concrete
692,1004,1503,Asphalt
775,131,2548,Asphalt
262,1181,1315,Grass
695,1251,3353,Gravel
422,1735,2162,Gravel
239,915,3817,Gravel
405,2301,1100,Asphalt
579,1189,2082,Grass
438,2626,1195,Concrete
881,862,1837,Asphalt
547,2811,3943,Gravel
141,1703,1773,Gravel
630,914,3208,Grass
397,1471,2339,Gravel
309,2553,1573,Asphalt
113,1446,3818,Grass
182,2438,3728,Asphalt
304,2289,3113,Grass
660,1585,2856,Asphalt
938,374,2814,Asphalt
492,687,3077,Asphalt
700,143,1499,Grass
323,239,3126,Gravel
411,2355,1866,Gravel
62,1292,1408,Concrete
80,1399,1102,Asphalt
735,2984,2633,Grass
273,1357,2963,Grass
243,244,3817,Concrete
531,2054,3276,Concrete
144,1461,3691,Concrete
896,1665,1711,Concrete
49,1448,3243,Concrete
707,229,3644,Grass
381,703,2226,Gravel
384,1091,3079,Asphalt
800,645,3639,Grass
106,1896,2791,Gravel
383,455,3141,Gravel
814,2038,3770,Gravel
69,427,1934,Gravel
933,2308,1674,Gravel
266,38,3770,Grass
596,1884,1498,Grass
164,360,1451,Asphalt
437,1343,2344,Grass
721,2433,2958,Grass
494,627,2271,Asphalt
79,1238,1795,Asphalt
454,412,3960,Grass
811,347,1928,Gravel
544,50,3013,Concrete
977,2131,3458,Concrete
953,698,1281,Grass
666,1663,3756,Grass
85,616,1224,Asphalt
589,758,1227,Asphalt
915,2345,1847,Concrete
26,1455,2169,Concrete
398,765,2298,Concrete
175,1484,3910,Grass
464,1722,1823,Gravel
444,723,1175,Grass
92,1403,3048,Gravel
56,167,3643,Asphalt
349,265,3146,Asphalt
634,1998,3525,Grass
805,2875,3756,Grass
750,1663,3920,Asphalt
668,2086,2650,Concrete
561,1079,2840,Asphalt
97,455,3518,Gravel
600,2979,3886,Grass
191,2821,3252,Concrete
143,2260,1724,Gravel
911,2133,1659,Asphalt
863,2951,2694,Grass
701,643,3249,Gravel
951,431,2773,Asphalt
923,588,3615,Gravel
214,1805,1327,Gravel
989,133,3699,Asphalt
537,968,2571,Gravel
486,534,2428,Grass
702,1031,2184,Concrete
581,420,3007,Gravel
770,914,1069,Gravel
201,1613,3773,Asphalt
847,1027,2893,Gravel
272,1338,2463,Concrete
652,2603,3620,Concrete
66,1101,3452,Gravel
287,2811,1713,Grass
994,97,1227,Grass
292,942,1676,Grass
684,1261,1501,Grass
276,708,2089,Asphalt
584,2253,1588,Grass
703,114,1711,Gravel
22,2409,2414,Asphalt
129,1503,2494,Grass
799,789,3132,Gravel
858,908,2352,Gravel
538,981,2426,Concrete
423,887,1959,Gravel
280,277,3998,Concrete
769,2316,1129,Asphalt
429,422,1800,Concrete
806,67,1865,Asphalt
619,1253,1726,Asphalt
650,2303,2656,Asphalt
299,1073,2946,Asphalt
519,2514,1141,Asphalt
270,1026,1252,Gravel
200,1190,3092,Gravel
920,1307,3685,Grass
639,1749,1519,Gravel
391,2387,3399,Grass
157,1270,1445,Grass
188,632,2895,Grass
359,544,1545,Grass
918,1831,1730,Grass
864,2413,2371,Grass
679,2624,2633,Asphalt
661,2980,2610,Asphalt
435,2321,2521,Grass
210,1118,3645,Grass
821,862,3231,Asphalt
860,1633,2617,Grass
813,2617,3852,Concrete
303,44,3645,Gravel
235,1492,1651,Gravel
72,603,3520,Concrete
132,867,2900,Grass
973,1985,1418,Asphalt
946,165,3486,Asphalt
212,2419,1420,Gravel
934,941,2886,Concrete
308,1105,3751,Concrete
335,2072,2927,Asphalt
267,2213,3827,Grass
19,2940,3834,Asphalt
678,160,3349,Grass
687,1843,2206,Gravel
981,2307,1824,Grass
543,2173,1549,Gravel
68,283,2816,Grass
706,2037,1148,Gravel
13,2602,3684,Asphalt
998,2650,2331,Gravel
206,753,1766,Asphalt
109,2727,1150,Concrete
450,1425,2518,Asphalt
404,2887,3873,Asphalt
176,193,3020,Concrete
41,297,2913,Gravel
281,742,3388,Grass
541,1459,3450,Asphalt
145,556,1414,Gravel
768,442,2319,Concrete
917,2286,3150,Grass
1001,994,1727,Grass
1002,2934,3596,Concrete
1003,1075,2240,Gravel
1004,1154,1928,Grass
1005,1480,2782,Asphalt
1006,479,1684,Concrete
1007,71,2021,Concrete
1008,1155,2198,Grass
1009,408,3896,Gravel
1010,1754,3090,Grass
1011,1705,1537,Gravel
1012,1209,1742,Asphalt
1013,1544,3936,Concrete
1014,2326,2874,Grass
1015,88,1861,Concrete
1016,663,1237,Concrete
1017,1057,2383,Gravel
1018,1738,3978,Asphalt
1019,949,1793,Grass
1020,2483,1265,Asphalt
1021,1494,2535,Asphalt
1022,2028,2749,Asphalt
1023,2940,3715,Gravel
1024,2017,1634,Concrete
1025,2286,1538,Gravel
1026,468,2952,Asphalt
1027,826,3865,Grass
1028,2410,3042,Asphalt
1029,1601,1862,Grass
1030,302,1506,Gravel
1031,1679,2267,Gravel
1032,637,1451,Grass
1033,1748,1442,Grass
1034,2761,2859,Asphalt
1035,205,3425,Grass
1036,1487,3278,Concrete
1037,1516,3043,Concrete
1038,423,3446,Asphalt
1039,1449,1052,Gravel
1040,317,1985,Asphalt
1041,327,2833,Asphalt
1042,480,3159,Grass
1043,847,2524,Gravel
1044,2773,1720,Asphalt
1045,2871,1047,Asphalt
1046,301,3370,Gravel
1047,2081,1202,Gravel
1048,1702,2457,Concrete
1049,2214,1417,Grass
1050,185,3776,Grass
1051,2345,1770,Asphalt
1052,2455,2487,Gravel
1053,493,2063,Grass
1054,2975,2916,Grass
1055,2132,3502,Gravel
1056,1152,3505,Asphalt
1057,548,3724,Concrete
1058,905,2304,Grass
1059,1936,1500,Asphalt
1060,798,1986,Concrete
1061,2178,2841,Gravel
1062,212,2303,Concrete
1063,1555,1089,Gravel
1064,1394,3759,Grass
1065,2763,3475,Concrete
1066,2162,1364,Concrete
1067,2296,1745,Asphalt
1068,2008,2433,Concrete
1069,1092,1916,Concrete
1070,13,1802,Asphalt
1071,363,2478,Asphalt
1072,923,2782,Gravel
1073,424,3293,Concrete
1074,1525,3601,Gravel
1075,2541,3086,Grass
1076,239,1201,Asphalt
1077,104,1101,Gravel
1078,2170,2641,Asphalt
1079,170,3215,Gravel
1080,1606,3352,Concrete
1081,2531,3347,Asphalt
1082,1264,3829,Asphalt
1083,2174,1456,Asphalt
1084,1499,1270,Gravel
1085,1032,2888,Gravel
1086,1317,3463,Gravel
1087,182,3209,Concrete
1088,1108,1266,Concrete
1089,1223,2024,Concrete
1090,2416,1545,Gravel
1091,2024,1483,Concrete
1092,1737,1737,Grass
1093,2636,3334,Grass
1094,166,2249,Concrete
1095,278,1389,Asphalt
1096,2215,1903,Concrete
1097,2424,1714,Concrete
1098,2286,3688,Gravel
1099,273,3299,Grass
1100,1509,1601,Gravel
1101,2638,2054,Gravel
1102,1808,2715,Asphalt
1103,387,1376,Asphalt
1104,262,2021,Grass
1105,819,3943,Gravel
1106,1868,1670,Gravel
1107,1170,1577,Gravel
1108,1255,1952,Gravel
1109,2852,1727,Concrete
1110,2260,3636,Concrete
1111,828,2916,Grass
1112,194,1455,Gravel
1113,2263,1709,Grass
1114,1944,1295,Asphalt
1115,1258,1842,Asphalt
1116,1889,2303,Grass
1117,1044,2274,Grass
1118,1802,1081,Concrete
1119,2064,2171,Asphalt
1120,2927,1102,Gravel
1121,1881,2734,Grass
1122,1099,3590,Concrete
1123,646,2314,Concrete
1124,2105,1439,Concrete
1125,2838,3582,Asphalt
1126,1969,1606,Grass
1127,2876,2920,Grass
1128,2019,3735,Grass
1129,2717,2082,Grass
1130,1240,2840,Grass
1131,2508,2018,Asphalt
1132,2818,3128,Grass
1133,2335,1490,Grass
1134,2971,2273,Concrete
1135,63,1227,Asphalt
1136,875,2806,Gravel
1137,969,3752,Grass
1138,2952,2346,Asphalt
1139,1845,3574,Concrete
1140,930,2087,Grass
1141,1677,1121,Concrete
1142,2162,2430,Concrete
1143,620,3286,Concrete
1144,2117,2391,Grass
1145,2303,1914,Grass
1146,1151,2330,Asphalt
1147,1831,1960,Grass
1148,1788,2284,Grass
1149,121,1481,Grass
1150,367,1078,Gravel
1151,2212,3456,Gravel
1152,729,2049,Concrete
1153,2337,2191,Asphalt
1154,1315,2437,Concrete
1155,936,3242,Asphalt
1156,2120,1344,Grass
1157,678,3869,Asphalt
1158,1666,2315,Concrete
1159,1630,3692,Grass
1160,543,2217,Concrete
1161,992,3784,Asphalt
1162,2817,2532,Gravel
1163,203,1639,Concrete
1164,2006,2814,Gravel
1165,2946,3765,Concrete
1166,1916,1608,Gravel
1167,1456,3027,Gravel
1168,2542,2286,Asphalt
1169,854,2536,Grass
1170,389,1329,Asphalt
1171,1610,1745,Asphalt
1172,2108,1813,Asphalt
1173,42,2465,Concrete
1174,2147,1994,Gravel
1175,797,1966,Concrete
1176,2559,2059,Gravel
1177,2010,1734,Grass
1178,1905,1102,Grass
1179,2375,2351,Gravel
1180,2478,1201,Concrete
1181,2062,3746,Grass
1182,167,1205,Gravel
1183,2069,3321,Gravel
1184,2423,3861,Gravel
1185,2158,3778,Concrete
1186,1897,3083,Concrete
1187,2295,1597,Asphalt
1188,2105,1230,Grass
1189,475,2485,Gravel
1190,1568,1417,Gravel
1191,2897,3754,Concrete
1192,1868,2237,Asphalt
1193,2855,2621,Asphalt
1194,871,1515,Gravel
1195,363,3056,Gravel
1196,494,2298,Concrete
1197,667,2369,Concrete
1198,360,3905,Grass
1199,567,1403,Concrete
1200,206,2304,Concrete
1201,2138,1973,Grass
1202,1984,2937,Concrete
1203,2572,3231,Gravel
1204,2460,2851,Concrete
1205,2574,3660,Concrete
1206,171,2175,Asphalt
1207,616,1931,Asphalt
1208,1241,1740,Asphalt
1209,2841,2027,Asphalt
1210,1178,2208,Concrete
1211,1819,3165,Grass
1212,1059,2036,Grass
1213,1360,1691,Gravel
1214,61,3072,Concrete
1215,1322,2384,Grass
1216,495,1082,Concrete
1217,2875,2502,Gravel
1218,2211,1161,Asphalt
1219,2796,3920,Concrete
1220,1762,3170,Concrete
1221,569,1082,Gravel
1222,2365,3697,Concrete
1223,1124,2918,Concrete
1224,924,1431,Gravel
1225,426,3164,Grass
1226,235,2462,Gravel
1227,971,2083,Concrete
1228,1883,2544,Grass
1229,2912,3623,Asphalt
1230,1720,1390,Grass
1231,2221,2557,Asphalt
1232,938,3520,Gravel
1233,1753,1897,Grass
1234,757,3635,Asphalt
1235,725,4000,Grass
1236,94,1034,Asphalt
1237,2758,2222,Asphalt
1238,1467,3348,Gravel
1239,388,1233,Concrete
1240,2790,3774,Concrete
1241,897,3564,Grass
1242,331,2592,Asphalt
1243,2664,3597,Asphalt
1244,2393,3913,Concrete
1245,1130,2648,Gravel
1246,620,1136,Concrete
1247,359,3238,Grass
1248,562,1356,Gravel
1249,26,1266,Gravel
1250,1489,3590,Grass
1251,2888,2135,Concrete
1252,2904,1725,Grass
1253,696,2565,Asphalt
1254,1673,2938,Grass
1255,319,1048,Gravel
1256,604,1059,Grass
1257,1223,3185,Concrete
1258,142,2208,Concrete
1259,806,1770,Grass
1260,378,3265,Grass
1261,1475,1360,Grass
1262,1940,2521,Asphalt
1263,477,1521,Asphalt
1264,822,3125,Gravel
1265,1782,1846,Concrete
1266,2919,2055,Grass
1267,817,3653,Concrete
1268,454,2396,Grass
1269,2841,1067,Asphalt
1270,2025,2480,Grass
1271,203,3266,Concrete
1272,572,3770,Concrete
1273,2754,2628,Grass
1274,2160,1925,Asphalt
1275,2960,3600,Asphalt
1276,2937,1410,Grass
1277,1988,3599,Gravel
1278,1885,1027,Grass
1279,760,1053,Asphalt
1280,209,3257,Concrete
1281,2298,2249,Grass
1282,2537,2335,Grass
1283,2867,2815,Gravel
1284,1761,3572,Gravel
1285,725,1534,Grass
1286,2521,3477,Concrete
1287,940,3182,Grass
1288,2863,3135,Asphalt
1289,1128,3601,Concrete
1290,2252,2072,Gravel
1291,1617,3663,Concrete
1292,163,1637,Gravel
1293,48,2978,Gravel
1294,927,2533,Grass
1295,150,1589,Concrete
1296,1730,2577,Grass
1297,1384,2423,Concrete
1298,1399,3535,Concrete
1299,1176,3790,Grass
1300,663,3339,Concrete
1301,1384,3141,Gravel
1302,1133,3612,Concrete
1303,2226,2073,Asphalt
1304,2477,2155,Concrete
1305,2566,1712,Asphalt
1306,2938,3552,Asphalt
1307,2954,3475,Gravel
1308,585,1778,Grass
1309,2018,2139,Concrete
1310,2552,2410,Gravel
1311,2574,3862,Asphalt
1312,876,2611,Grass
1313,1423,1558,Gravel
1314,2890,1913,Gravel
1315,374,2090,Asphalt
1316,127,3145,Concrete
1317,1305,2198,Gravel
1318,1585,2666,Asphalt
1319,896,1363,Concrete
1320,2585,3804,Gravel
1321,1682,3044,Grass
1322,1532,3577,Grass
1323,252,3352,Grass
1324,1007,1450,Concrete
1325,463,3634,Asphalt
1326,2600,1120,Asphalt
1327,310,1957,Grass
1328,931,3612,Gravel
1329,118,1527,Asphalt
1330,1691,3285,Concrete
1331,1124,2732,Asphalt
1332,2111,3556,Asphalt
1333,2968,3008,Concrete
1334,1075,2753,Concrete
1335,1622,3627,Concrete
1336,919,3372,Asphalt
1337,1859,2983,Grass
1338,1450,1385,Concrete
1339,800,1686,Concrete
1340,2140,3432,Grass
1341,2593,3309,Concrete
1342,42,3004,Concrete
1343,1442,3145,Grass
1344,605,1539,Gravel
1345,1568,2215,Asphalt
1346,1565,3144,Grass
1347,2312,3084,Concrete
1348,2931,3935,Concrete
1349,2357,3176,Concrete
1350,469,3200,Concrete
1351,798,2496,Asphalt
1352,1602,3931,Grass
1353,163,3640,Gravel
1354,2106,3918,Grass
1355,2426,3037,Asphalt
1356,1928,3445,Concrete
1357,845,1242,Grass
1358,2621,3423,Asphalt
1359,2609,2201,Asphalt
1360,2488,2410,Asphalt
1361,1210,1625,Grass
1362,2410,2441,Asphalt
1363,2977,1046,Concrete
1364,1181,2107,Grass
1365,1548,1771,Grass
1366,943,1904,Asphalt
1367,1000,1391,Concrete
1368,1355,1473,Concrete
1369,2424,3044,Grass
1370,2663,1731,Asphalt
1371,1985,2074,Concrete
1372,1271,1061,Grass
1373,2579,1816,Grass
1374,489,1240,Concrete
1375,215,2045,Gravel
1376,1325,2869,Gravel
1377,687,3306,Grass
1378,1485,2620,Asphalt
1379,2363,3151,Concrete
1380,1655,3742,Gravel
1381,1485,1250,Gravel
1382,1447,1990,Grass
1383,1515,1716,Gravel
1384,1063,2773,Gravel
1385,1978,1482,Grass
1386,623,2870,Grass
1387,2846,2786,Gravel
1388,2767,1107,Asphalt
1389,697,2105,Asphalt
1390,2217,1107,Concrete
1391,211,2542,Grass
1392,1944,2643,Grass
1393,1344,3734,Concrete
1394,2967,3680,Concrete
1395,1920,3966,Grass
1396,420,1093,Gravel
1397,1573,1202,Concrete
1398,168,3029,Grass
1399,1003,1007,Grass
1400,144,2545,Gravel
1401,186,3785,Concrete
1402,493,2693,Asphalt
1403,326,2967,Grass
1404,365,2412,Grass
1405,2408,3339,Concrete
1406,2614,1293,Concrete
1407,143,1108,Gravel
1408,2491,2940,Gravel
1409,201,2603,Asphalt
1410,1521,1969,Gravel
1411,1367,2336,Grass
1412,2692,1589,Asphalt
1413,2937,1032,Asphalt
1414,2998,3832,Gravel
1415,2742,1889,Concrete
1416,126,3802,Gravel
1417,447,1536,Gravel
1418,2680,3476,Asphalt
1419,2712,3417,Gravel
1420,907,1926,Concrete
1421,1486,2450,Asphalt
1422,816,3156,Gravel
1423,964,1016,Grass
1424,737,1417,Gravel
1425,2868,2065,Concrete
1426,924,2568,Asphalt
1427,843,1223,Gravel
1428,1630,3857,Concrete
1429,711,2508,Asphalt
1430,1412,3003,Gravel
1431,404,2809,Grass
1432,1855,3311,Asphalt
1433,1845,2618,Grass
1434,1119,2366,Concrete
1435,2278,2107,Concrete
1436,2459,2064,Concrete
1437,708,2248,Concrete
1438,1757,2461,Concrete
1439,1514,3851,Grass
1440,1206,1030,Asphalt
1441,1252,1209,Asphalt
1442,2568,2246,Gravel
1443,1978,3079,Grass
1444,2968,2885,Gravel
1445,1980,3509,Concrete
1446,2261,3955,Concrete
1447,1843,1129,Asphalt
1448,2036,3497,Gravel
1449,2015,1684,Concrete
1450,223,1049,Concrete
1451,2403,3155,Asphalt
1452,1498,1115,Gravel
1453,2853,3862,Gravel
1454,137,3760,Asphalt
1455,2887,3640,Gravel
1456,1906,2539,Concrete
1457,1280,2760,Asphalt
1458,1011,2401,Concrete
1459,613,1333,Asphalt
1460,2024,3960,Concrete
1461,1067,2015,Concrete
1462,1863,1211,Gravel
1463,396,2320,Grass
1464,1454,3565,Grass
1465,2399,2399,Concrete
1466,899,3714,Grass
1467,1051,1380,Gravel
1468,858,3605,Asphalt
1469,2203,2137,Asphalt
1470,1364,1416,Grass
1471,1287,1203,Gravel
1472,1589,3744,Grass
1473,1927,3663,Gravel
1474,1645,1563,Grass
1475,2301,2941,Asphalt
1476,141,3876,Gravel
1477,2720,1350,Grass
1478,2423,3242,Gravel
1479,1938,2277,Concrete
1480,2393,3603,Concrete
1481,2510,1482,Grass
1482,1111,3500,Gravel
1483,18,3344,Grass
1484,318,3002,Asphalt
1485,1017,3245,Gravel
1486,1478,1923,Grass
1487,830,3884,Asphalt
1488,2642,3465,Concrete
1489,2478,3878,Asphalt
1490,1762,2936,Grass
1491,928,1975,Grass
1492,490,2478,Grass
1493,232,2618,Gravel
1494,2495,1965,Gravel
1495,232,1892,Gravel
1496,1664,2411,Concrete
1497,2665,2121,Gravel
1498,1780,1937,Asphalt
1499,2751,3363,Grass
1500,220,3942,Gravel
1501,1297,3219,Concrete
1502,625,1389,Gravel
1503,1640,2504,Grass
1504,1725,2832,Grass
1505,2720,1583,Grass
1506,2836,2324,Gravel
1507,500,2862,Asphalt
1508,461,2341,Asphalt
1509,2280,3122,Asphalt
1510,1457,3165,Gravel
1511,2013,2913,Asphalt
1512,2474,1557,Grass
1513,1929,1119,Gravel
1514,1765,1352,Grass
1515,767,3979,Asphalt
1516,1820,2289,Asphalt
1517,2579,2956,Asphalt
1518,2625,2390,Asphalt
1519,588,1258,Concrete
1520,570,1191,Gravel
1521,513,1029,Concrete
1522,281,2690,Grass
1523,150,3902,Grass
1524,1820,2041,Concrete
1525,2998,1718,Concrete
1526,691,3963,Asphalt
1527,626,1209,Concrete
1528,613,3053,Asphalt
1529,226,2490,Grass
1530,2826,1383,Concrete
1531,2674,2288,Concrete
1532,2967,1382,Concrete
1533,2110,3441,Grass
1534,2903,1474,Gravel
1535,2297,1272,Asphalt
1536,2463,3564,Concrete
1537,1314,2615,Concrete
1538,2250,1507,Concrete
1539,2746,1020,Gravel
1540,1199,1811,Asphalt
1541,89,3839,Asphalt
1542,1769,3469,Grass
1543,612,3748,Asphalt
1544,988,3591,Concrete
1545,770,1202,Asphalt
1546,570,3704,Gravel
1547,2775,3737,Grass
1548,408,2003,Grass
1549,2080,2454,Concrete
1550,1868,3803,Asphalt
1551,315,2675,Concrete
1552,1701,2435,Concrete
1553,2840,2444,Asphalt
1554,819,2578,Gravel
1555,1651,3128,Grass
1556,2690,1801,Grass
1557,909,3966,Grass
1558,1298,1344,Grass
1559,722,2968,Concrete
1560,1056,2451,Grass
1561,1044,1179,Gravel
1562,715,3235,Grass
1563,1368,1203,Grass
1564,2613,2545,Asphalt
1565,1372,2420,Grass
1566,1238,1457,Concrete
1567,2246,2329,Concrete
1568,48,3650,Asphalt
1569,1928,2568,Gravel
1570,1171,3034,Concrete
1571,1534,3127,Gravel
1572,667,3910,Asphalt
1573,2494,1788,Asphalt
1574,2775,1360,Gravel
1575,2062,1198,Gravel
1576,1216,1308,Grass
1577,22,1181,Concrete
1578,130,2045,Concrete
1579,563,1261,Grass
1580,2648,2954,Asphalt
1581,1389,3194,Asphalt
1582,1821,3137,Grass
1583,27,1748,Grass
1584,1751,3149,Concrete
1585,1661,2789,Gravel
1586,85,2763,Grass
1587,2657,2883,Asphalt
1588,1706,3755,Asphalt
1589,298,3015,Asphalt
1590,2610,3913,Gravel
1591,2841,1739,Grass
1592,224,2616,Concrete
1593,750,1760,Asphalt
1594,2249,2295,Grass
1595,1569,1601,Asphalt
1596,1232,1735,Concrete
1597,1301,2266,Gravel
1598,1124,1879,Grass
1599,498,1377,Grass
1600,613,2507,Asphalt
1601,54,3992,Gravel
1602,2377,1603,Gravel
1603,1847,3626,Grass
1604,1516,3510,Grass
1605,2450,3662,Asphalt
1606,2322,1203,Concrete
1607,2527,3945,Grass
1608,1228,1458,Grass
1609,620,1994,Asphalt
1610,2712,3439,Asphalt
1611,1233,1214,Gravel
1612,2089,3382,Concrete
1613,2490,3314,Concrete
1614,157,2186,Asphalt
1615,2250,2968,Asphalt
1616,1059,2258,Grass
1617,2503,1425,Grass
1618,2626,1433,Gravel
1619,1888,2126,Asphalt
1620,711,1569,Gravel
1621,1923,2926,Concrete
1622,1947,2461,Gravel
1623,1126,2665,Asphalt
1624,2894,3757,Asphalt
1625,1058,2771,Asphalt
1626,783,1730,Asphalt
1627,2574,1506,Asphalt
1628,2674,1117,Concrete
1629,2425,1782,Concrete
1630,429,1962,Grass
1631,304,1099,Asphalt
1632,1241,1431,Grass
1633,2731,3063,Gravel
1634,785,3004,Asphalt
1635,2737,2813,Asphalt
1636,1148,1419,Grass
1637,2803,2410,Grass
1638,2419,3833,Grass
1639,1059,3602,Asphalt
1640,1519,1214,Concrete
1641,94,1089,Gravel
1642,110,2715,Concrete
1643,1801,3078,Concrete
1644,2124,3086,Grass
1645,35,1760,Concrete
1646,1246,1221,Concrete
1647,443,2401,Grass
1648,1914,3508,Gravel
1649,1579,1821,Grass
1650,2051,1228,Gravel
1651,2559,1053,Asphalt
1652,2754,2368,Grass
1653,860,2165,Asphalt
1654,2508,3316,Gravel
1655,2499,2040,Gravel
1656,2810,1297,Gravel
1657,1903,2503,Grass
1658,635,2411,Asphalt
1659,2024,2276,Asphalt
1660,486,1004,Asphalt
1661,2028,3869,Gravel
1662,693,2629,Asphalt
1663,1870,1419,Concrete
1664,2696,3939,Asphalt
1665,495,2570,Concrete
1666,1962,3996,Grass
1667,647,2225,Concrete
1668,2976,3270,Grass
1669,2369,1910,Asphalt
1670,1087,1166,Asphalt
1671,399,2355,Grass
1672,520,3429,Grass
1673,1881,2043,Grass
1674,271,2482,Grass
1675,2897,2143,Gravel
1676,667,3656,Gravel
1677,2505,3856,Asphalt
1678,1123,3673,Gravel
1679,1295,2809,Concrete
1680,1361,1673,Grass
1681,293,3219,Gravel
1682,1909,2606,Grass
1683,1108,1676,Grass
1684,582,2123,Grass
1685,2062,1236,Grass
1686,2057,2853,Concrete
1687,2655,3283,Grass
1688,1953,3614,Grass
1689,2620,1039,Asphalt
1690,163,3360,Grass
1691,607,2034,Grass
1692,810,2430,Asphalt
1693,1369,2192,Gravel
1694,376,3744,Asphalt
1695,192,3383,Grass
1696,1755,1741,Concrete
1697,666,1332,Grass
1698,86,1802,Gravel
1699,169,1053,Asphalt
1700,2680,2815,Gravel
1701,1830,3304,Asphalt
1702,2146,3915,Concrete
1703,977,2386,Gravel
1704,2636,1972,Grass
1705,2989,2910,Asphalt
1706,1854,2000,Asphalt
1707,610,2029,Gravel
1708,1715,1760,Asphalt
1709,1272,3410,Asphalt
1710,2658,2543,Asphalt
1711,420,2814,Grass
1712,2697,2879,Grass
1713,2603,1125,Concrete
1714,61,1210,Grass
1715,295,3983,Concrete
1716,2572,1921,Grass
1717,2360,2415,Asphalt
1718,800,2736,Concrete
1719,446,3876,Asphalt
1720,1113,3402,Asphalt
1721,227,2644,Gravel
1722,213,2755,Concrete
1723,2803,1385,Concrete
1724,291,2690,Concrete
1725,1864,2871,Gravel
1726,363,3408,Gravel
1727,2081,3499,Grass
1728,795,1376,Gravel
1729,1515,3727,Gravel
1730,1625,3694,Concrete
1731,2247,2493,Grass
1732,2289,1932,Grass
1733,2384,1304,Concrete
1734,965,1351,Grass
1735,2514,1163,Asphalt
1736,1698,1980,Grass
1737,946,3679,Concrete
1738,198,1558,Grass
1739,1100,2396,Concrete
1740,2031,2340,Gravel
1741,1083,3580,Grass
1742,2535,1218,Asphalt
1743,1418,2234,Grass
1744,367,2193,Grass
1745,867,3694,Concrete
1746,324,3194,Asphalt
1747,336,2906,Concrete
1748,1143,2662,Concrete
1749,1436,3051,Grass
1750,1016,3142,Grass
1751,1266,1142,Grass
1752,2199,2942,Asphalt
1753,1028,2286,Asphalt
1754,222,2730,Grass
1755,864,2232,Concrete
1756,683,2265,Concrete
1757,51,3767,Concrete
1758,1193,1447,Gravel
1759,13,2489,Grass
1760,2771,3485,Gravel
1761,1565,2849,Gravel
1762,993,2993,Gravel
1763,1808,3497,Concrete
1764,2628,3171,Concrete
1765,958,1391,Gravel
1766,335,3723,Gravel
1767,780,2403,Concrete
1768,1208,2333,Concrete
1769,2707,1255,Gravel
1770,2682,2950,Asphalt
1771,1700,2162,Concrete
1772,2766,3294,Gravel
1773,1326,2447,Grass
1774,2714,1016,Concrete
1775,756,2318,Grass
1776,2026,2516,Asphalt
1777,1628,1421,Asphalt
1778,1796,2223,Concrete
1779,2947,1196,Asphalt
1780,1479,3408,Grass
1781,2217,2513,Asphalt
1782,2850,2512,Concrete
1783,1184,2940,Asphalt
1784,2029,3771,Concrete
1785,2592,2963,Concrete
1786,1127,1696,Concrete
1787,124,1497,Gravel
1788,2750,3087,Asphalt
1789,1823,1680,Concrete
1790,1268,2768,Asphalt
1791,898,1116,Gravel
1792,554,2996,Grass
1793,2354,2929,Asphalt
1794,2129,2992,Asphalt
1795,1866,3660,Concrete
1796,1599,3296,Grass
1797,1959,2640,Asphalt
1798,2384,1219,Asphalt
1799,2132,2576,Concrete
1800,1982,3324,Asphalt
1801,1548,2283,Concrete
1802,2436,1701,Gravel
1803,1980,2034,Asphalt
1804,1902,3744,Asphalt
1805,198,3915,Gravel
1806,2285,3938,Concrete
1807,2072,3508,Gravel
1808,1327,1851,Asphalt
1809,1477,2817,Gravel
1810,1662,3201,Gravel
1811,1684,2853,Asphalt
1812,2217,3738,Concrete
1813,2055,2772,Gravel
1814,2559,1382,Asphalt
1815,2562,1345,Gravel
1816,162,1354,Grass
1817,1237,3303,Gravel
1818,2336,3558,Gravel
1819,2930,2360,Concrete
1820,2756,1470,Gravel
1821,1135,1123,Asphalt
1822,2589,2950,Gravel
1823,1911,2555,Gravel
1824,1211,1530,Concrete
1825,1876,1650,Asphalt
1826,2005,3693,Asphalt
1827,881,2849,Asphalt
1828,2990,3274,Asphalt
1829,2600,2806,Concrete
1830,2068,3652,Asphalt
1831,79,2155,Grass
1832,2434,3949,Grass
1833,273,3505,Asphalt
1834,445,3203,Asphalt
1835,518,1670,Concrete
1836,1267,2053,Gravel
1837,904,1527,Concrete
1838,1490,3401,Asphalt
1839,1004,3959,Concrete
1840,475,2507,Asphalt
1841,1409,1219,Asphalt
1842,1960,1581,Gravel
1843,1780,1774,Concrete
1844,712,1210,Grass
1845,244,2472,Asphalt
1846,684,2107,Asphalt
1847,2536,3775,Concrete
1848,106,1232,Gravel
1849,1594,3495,Concrete
1850,2672,1402,Asphalt
1851,226,2960,Concrete
1852,339,1814,Grass
1853,1688,1937,Asphalt
1854,267,3832,Asphalt
1855,1687,2689,Concrete
1856,372,1415,Gravel
1857,190,1511,Grass
1858,1812,3480,Gravel
1859,1539,2535,Asphalt
1860,516,3782,Asphalt
1861,1788,3334,Grass
1862,1099,3805,Concrete
1863,366,2805,Grass
1864,928,2531,Asphalt
1865,1480,2926,Grass
1866,265,1983,Concrete
1867,1989,3208,Asphalt
1868,2298,3276,Gravel
1869,938,1206,Asphalt
1870,1165,2798,Asphalt
1871,2263,2295,Concrete
1872,2122,3736,Grass
1873,1566,2668,Asphalt
1874,2588,2271,Asphalt
1875,2077,1574,Asphalt
1876,1580,1631,Grass
1877,2230,3071,Asphalt
1878,1326,2178,Grass
1879,2753,1945,Concrete
1880,637,3910,Asphalt
1881,165,1666,Asphalt
1882,1414,2481,Gravel
1883,511,2244,Concrete
1884,947,2641,Asphalt
1885,1475,3427,Concrete
1886,1457,1731,Gravel
1887,2332,3029,Gravel
1888,2354,2712,Grass
1889,2906,1340,Grass
1890,1684,3156,Concrete
1891,300,1322,Grass
1892,2044,3767,Grass
1893,1183,1517,Concrete
1894,2640,1651,Concrete
1895,1334,2387,Asphalt
1896,735,3487,Asphalt
1897,541,1610,Asphalt
1898,1076,1164,Asphalt
1899,2149,1459,Grass
1900,115,1581,Gravel
1901,2599,2126,Asphalt
1902,1051,1068,Asphalt
1903,2887,1585,Concrete
1904,2664,1519,Gravel
1905,1188,3982,Grass
1906,184,3589,Concrete
1907,422,1593,Gravel
1908,1260,3827,Gravel
1909,1001,2737,Grass
1910,2656,3116,Grass
1911,2744,2671,Gravel
1912,1266,1183,Asphalt
1913,1595,1497,Grass
1914,1451,2107,Asphalt
1915,283,1382,Grass
1916,1395,3106,Grass
1917,244,1245,Grass
1918,1848,2107,Concrete
1919,133,3265,Grass
1920,26,3625,Gravel
1921,1098,3278,Gravel
1922,975,3772,Grass
1923,993,3644,Asphalt
1924,1964,1888,Asphalt
1925,599,3072,Gravel
1926,604,3312,Concrete
1927,373,3289,Grass
1928,976,2614,Concrete
1929,377,2252,Asphalt
1930,1659,3714,Concrete
1931,234,3807,Gravel
1932,693,2495,Grass
1933,2477,2376,Asphalt
1934,263,1427,Asphalt
1935,729,2592,Concrete
1936,2942,3800,Grass
1937,658,1676,Concrete
1938,2114,3263,Concrete
1939,1062,1008,Grass
1940,2352,2211,Gravel
1941,2020,1031,Gravel
1942,1650,2288,Asphalt
1943,1907,3872,Gravel
1944,390,3080,Grass
1945,942,1213,Grass
1946,865,1531,Grass
1947,2832,1723,Grass
1948,1346,1344,Concrete
1949,292,3868,Grass
1950,562,1685,Concrete
1951,1374,3937,Concrete
1952,2955,2390,Grass
1953,1420,2232,Concrete
1954,951,3118,Concrete
1955,1557,3050,Concrete
1956,768,2993,Concrete
1957,2890,2772,Grass
1958,1701,1451,Grass
1959,708,3713,Asphalt
1960,2924,3511,Grass
1961,2465,1404,Concrete
1962,2869,2692,Gravel
1963,321,1022,Concrete
1964,1461,3366,Concrete
1965,2629,3183,Asphalt
1966,1112,1886,Asphalt
1967,1632,3873,Grass
1968,1040,1670,Gravel
1969,2625,1925,Asphalt
1970,2519,2101,Asphalt
1971,481,3486,Grass
1972,2656,2527,Gravel
1973,1966,3978,Asphalt
1974,884,1529,Grass
1975,1981,3084,Concrete
1976,2280,3403,Asphalt
1977,1873,2638,Grass
1978,1327,1977,Asphalt
1979,2220,2627,Gravel
1980,1087,1366,Concrete
1981,736,2888,Grass
1982,26,3217,Concrete
1983,175,3728,Concrete
1984,2419,1366,Grass
1985,618,1917,Grass
1986,2931,2269,Gravel
1987,613,2672,Grass
1988,2981,2891,Asphalt
1989,2306,2695,Gravel
1990,971,1675,Gravel
1991,1602,2815,Asphalt
1992,2344,1861,Gravel
1993,1459,3664,Grass
1994,810,1426,Asphalt
1995,2724,3725,Gravel
1996,1005,2292,Gravel
1997,2772,3000,Asphalt
1998,639,1020,Grass
1999,238,2476,Gravel
2000,1461,3370,Asphalt
2001,1707,1200,Asphalt
2002,2299,3808,Concrete
2003,1835,1438,Asphalt
2004,128,2559,Concrete
2005,1435,3822,Gravel
2006,1860,2623,Concrete
2007,1861,3055,Asphalt
2008,1361,2978,Gravel
2009,2009,2472,Concrete
2010,1934,1453,Concrete
2011,1581,1976,Asphalt
2012,509,2339,Asphalt
2013,2081,2501,Asphalt
2014,642,3206,Asphalt
2015,2871,1847,Asphalt
2016,2944,1525,Concrete
2017,906,2023,Grass
2018,1164,3421,Concrete
2019,582,2512,Asphalt
2020,1610,1773,Grass
2021,931,1025,Gravel
2022,2974,1593,Concrete
2023,844,3462,Asphalt
2024,2699,2534,Asphalt
2025,1438,1512,Concrete
2026,2595,2353,Grass
2027,2267,2941,Gravel
2028,1524,2748,Grass
2029,513,3858,Concrete
2030,1449,1837,Grass
2031,2784,2309,Grass
2032,2497,2773,Asphalt
2033,1550,1994,Grass
2034,703,1077,Grass
2035,2277,2190,Asphalt
2036,2244,3307,Gravel
2037,1868,1859,Concrete
2038,660,2667,Grass
2039,91,2131,Gravel
2040,2501,1745,Asphalt
2041,951,1954,Gravel
2042,1482,2799,Grass
2043,843,2915,Grass
2044,2122,2835,Gravel
2045,1094,1222,Concrete
2046,860,2687,Gravel
2047,193,2998,Gravel
2048,804,2245,Grass
2049,2751,2010,Grass
2050,1088,1415,Concrete
2051,642,1255,Gravel
2052,2871,1738,Grass
2053,1565,1837,Grass
2054,630,1287,Gravel
2055,634,2897,Concrete
2056,633,3426,Asphalt
2057,1306,2773,Concrete
2058,219,2427,Asphalt
2059,2116,1690,Gravel
2060,2771,1590,Gravel
2061,2559,1446,Gravel
2062,2667,3839,Asphalt
2063,462,1220,Grass
2064,873,2154,Gravel
2065,2606,2143,Grass
2066,720,3603,Gravel
2067,2080,2140,Concrete
2068,2140,1652,Asphalt
2069,2147,2271,Grass
2070,2579,1561,Gravel
2071,2943,2257,Concrete
2072,1646,1734,Grass
2073,321,3251,Concrete
2074,1404,1757,Grass
2075,1028,3829,Grass
2076,154,2896,Grass
2077,1547,2717,Gravel
2078,2924,1695,Asphalt
2079,2033,2932,Concrete
2080,1875,1752,Grass
2081,937,2401,Asphalt
2082,2479,2872,Asphalt
2083,961,2475,Grass
2084,850,3203,Gravel
2085,1890,3906,Gravel
2086,702,2808,Asphalt
2087,966,2976,Asphalt
2088,2282,3546,Gravel
2089,1613,2261,Grass
2090,2264,1710,Concrete
2091,1698,1472,Grass
2092,1752,2569,Concrete
2093,1666,1589,Grass
2094,1108,1255,Grass
2095,2108,3360,Gravel
2096,745,2830,Gravel
2097,1519,2140,Grass
2098,2063,3229,Grass
2099,762,2770,Concrete
2100,2843,2730,Concrete
2101,780,2035,Grass
2102,1135,2177,Concrete
2103,1570,2801,Grass
2104,38,3726,Gravel
2105,350,3954,Gravel
2106,2502,2972,Concrete
2107,555,1717,Concrete
2108,361,1123,Asphalt
2109,2,3915,Grass
2110,1700,2684,Concrete
2111,398,3209,Grass
2112,1896,1094,Concrete
2113,1403,2263,Asphalt
2114,747,3903,Asphalt
2115,2232,1922,Grass
2116,1985,3311,Asphalt
2117,831,3502,Asphalt
2118,2233,1434,Gravel
2119,340,3395,Concrete
2120,2490,3556,Gravel
2121,968,3457,Gravel
2122,1962,3094,Asphalt
2123,1928,3302,Gravel
2124,2767,3672,Grass
2125,1031,1712,Gravel
2126,2872,2246,Asphalt
2127,618,1964,Grass
2128,953,1976,Concrete
2129,2765,2097,Gravel
2130,648,3530,Grass
2131,472,1131,Concrete
2132,662,2747,Concrete
2133,2090,2298,Asphalt
2134,2074,3093,Grass
2135,1937,3209,Grass
2136,345,1418,Asphalt
2137,2838,1627,Gravel
2138,2206,3813,Asphalt
2139,1904,1324,Gravel
2140,1829,3418,Gravel
2141,1610,3756,Grass
2142,442,3292,Concrete
2143,1146,3401,Concrete
2144,2978,3283,Asphalt
2145,2272,2788,Concrete
2146,2276,3198,Gravel
2147,2012,1251,Asphalt
2148,2806,1202,Concrete
2149,709,3625,Concrete
2150,2163,2260,Asphalt
2151,136,2984,Gravel
2152,286,2783,Grass
2153,1670,2864,Grass
2154,1680,3975,Gravel
2155,2907,2982,Gravel
2156,542,2315,Concrete
2157,577,3318,Gravel
2158,1012,2430,Concrete
2159,1690,2262,Concrete
2160,1082,3910,Grass
2161,1154,2245,Concrete
2162,2874,1129,Concrete
2163,1545,2103,Gravel
2164,2150,3309,Gravel
2165,1497,2707,Grass
2166,2501,2404,Concrete
2167,1345,2326,Gravel
2168,2545,1320,Asphalt
2169,2045,3991,Asphalt
2170,990,2427,Concrete
2171,2188,3852,Grass
2172,171,3070,Concrete
2173,1884,3224,Asphalt
2174,604,3566,Asphalt
2175,364,3716,Grass
2176,1296,3200,Concrete
2177,1140,1778,Asphalt
2178,227,3589,Concrete
2179,2058,1408,Grass
2180,1733,1604,Asphalt
2181,2020,3038,Gravel
2182,347,3346,Asphalt
2183,1791,2366,Concrete
2184,456,1263,Concrete
2185,1874,2688,Asphalt
2186,1296,2666,Concrete
2187,154,1490,Asphalt
2188,213,2548,Gravel
2189,2098,2633,Gravel
2190,1274,2968,Gravel
2191,2087,1279,Gravel
2192,2608,3591,Concrete
2193,471,3785,Concrete
2194,1341,2305,Gravel
2195,1466,2075,Grass
2196,86,3395,Concrete
2197,2366,3843,Gravel
2198,702,1360,Asphalt
2199,2200,1521,Concrete
2200,2057,3302,Concrete
2201,1799,1640,Grass
2202,2232,3311,Concrete
2203,2456,2266,Concrete
2204,1867,2781,Concrete
2205,666,3674,Gravel
2206,1444,3078,Gravel
2207,1427,1926,Concrete
2208,2098,1727,Gravel
2209,1363,3359,Gravel
2210,2898,1181,Concrete
2211,883,2008,Concrete
2212,750,2778,Concrete
2213,1760,2754,Grass
2214,610,3732,Gravel
2215,536,1257,Asphalt
2216,287,2945,Grass
2217,2831,3914,Concrete
2218,1509,1314,Gravel
2219,898,3642,Gravel
2220,576,1052,Grass
2221,1702,2815,Asphalt
2222,797,2882,Asphalt
2223,1403,3018,Gravel
2224,232,1978,Gravel
2225,1890,1416,Concrete
2226,284,2486,Gravel
2227,1672,2258,Gravel
2228,1323,3137,Gravel
2229,628,2744,Concrete
2230,1240,1908,Grass
2231,1721,3645,Asphalt
2232,40,3034,Concrete
2233,1701,2311,Grass
2234,2473,3277,Grass
2235,2376,3960,Concrete
2236,747,3278,Concrete
2237,2435,3416,Grass
2238,87,3486,Grass
2239,1559,3194,Asphalt
2240,2588,1970,Grass
2241,1087,2731,Concrete
2242,941,2726,Concrete
2243,1158,2375,Grass
2244,1409,2124,Gravel
2245,1444,2240,Asphalt
2246,134,2721,Gravel
2247,2544,2307,Asphalt
2248,2411,1317,Concrete
2249,2119,3450,Asphalt
2250,1518,2858,Grass
2251,782,3381,Asphalt
2252,2446,2013,Grass
2253,2397,2577,Grass
2254,1364,3676,Grass
2255,177,1771,Grass
2256,2001,1166,Grass
2257,2212,3057,Grass
2258,2549,3362,Asphalt
2259,1247,1208,Asphalt
2260,871,3028,Asphalt
2261,326,2903,Concrete
2262,2924,1407,Grass
2263,2650,3862,Gravel
2264,775,3192,Grass
2265,1561,1748,Concrete
2266,2034,1435,Gravel
2267,900,1523,Concrete
2268,245,3640,Concrete
2269,2873,2391,Gravel
2270,2183,2292,Gravel
2271,2416,1782,Asphalt
2272,922,2029,Gravel
2273,605,1712,Gravel
2274,426,2124,Asphalt
2275,1762,3586,Gravel
2276,1135,1462,Concrete
2277,2875,2843,Concrete
2278,1439,2799,Gravel
2279,122,1762,Grass
2280,1527,2152,Asphalt
2281,1293,3900,Asphalt
2282,1215,2908,Grass
2283,292,2486,Grass
2284,1174,3487,Concrete
2285,1421,3246,Gravel
2286,1488,1046,Asphalt
2287,2812,2602,Asphalt
2288,2157,1942,Concrete
2289,186,2814,Concrete
2290,2167,1303,Concrete
2291,1943,1128,Concrete
2292,1393,2938,Grass
2293,2660,3988,Grass
2294,2937,1748,Gravel
2295,2555,3357,Grass
2296,1307,1601,Asphalt
2297,1169,3886,Gravel
2298,2989,1046,Concrete
2299,1531,3457,Asphalt
2300,2550,1825,Gravel
2301,1485,1789,Concrete
2302,1578,2281,Concrete
2303,2702,3951,Asphalt
2304,2294,3171,Gravel
2305,2594,2143,Grass
2306,92,2106,Grass
2307,1958,2724,Concrete
2308,1020,1165,Gravel
2309,2420,2008,Grass
2310,111,3214,Grass
2311,1721,1690,Gravel
2312,1302,3357,Concrete
2313,300,2025,Asphalt
2314,2046,1475,Asphalt
2315,362,3237,Concrete
2316,1130,3198,Asphalt
2317,2140,1483,Gravel
2318,1265,1648,Asphalt
2319,1025,2545,Grass
2320,945,3318,Gravel
2321,1991,2566,Concrete
2322,579,2870,Concrete
2323,93,2916,Grass
2324,2495,2022,Gravel
2325,2974,3242,Asphalt
2326,361,1759,Asphalt
2327,483,1188,Concrete
2328,2891,1091,Asphalt
2329,932,1850,Gravel
2330,2701,2035,Grass
2331,2592,1733,Grass
2332,2639,3941,Asphalt
2333,2115,3261,Gravel
2334,1594,1226,Grass
2335,2514,1627,Concrete
2336,183,2306,Concrete
2337,258,3642,Grass
2338,1035,2873,Grass
2339,470,3315,Asphalt
2340,605,3782,Grass
2341,1797,3294,Gravel
2342,2453,2862,Concrete
2343,2466,1602,Asphalt
2344,352,3810,Gravel
2345,1318,1548,Concrete
2346,2866,1699,Asphalt
2347,2709,3282,Asphalt
2348,102,1690,Grass
2349,1479,3011,Grass
2350,2881,2047,Grass
2351,609,3459,Asphalt
2352,1457,1191,Concrete
2353,1793,3912,Concrete
2354,983,3722,Gravel
2355,2327,3301,Concrete
2356,2252,1194,Gravel
2357,1943,1417,Asphalt
2358,782,1441,Asphalt
2359,1575,3848,Asphalt
2360,1558,1674,Concrete
2361,264,3776,Concrete
2362,963,2588,Asphalt
2363,326,2488,Gravel
2364,1246,3284,Concrete
2365,1444,1740,Concrete
2366,969,1477,Grass
2367,1810,2439,Gravel
2368,1827,3473,Gravel
2369,2238,1124,Concrete
2370,2362,3762,Gravel
2371,2735,3149,Asphalt
2372,121,1495,Asphalt
2373,32,3318,Concrete
2374,1167,2011,Grass
2375,2192,1431,Concrete
2376,2244,1499,Concrete
2377,2904,2769,Concrete
2378,2544,2803,Grass
2379,1613,1060,Grass
2380,631,1385,Asphalt
2381,2378,1399,Concrete
2382,37,1761,Concrete
2383,1088,1851,Grass
2384,2826,1093,Concrete
2385,184,2723,Grass
2386,1006,1713,Concrete
2387,2701,3478,Gravel
2388,46,2023,Concrete
2389,1055,3234,Grass
2390,2548,2273,Concrete
2391,310,3099,Grass
2392,137,3427,Concrete
2393,2058,2055,Grass
2394,1954,2856,Concrete
2395,1896,3167,Grass
2396,1399,3234,Concrete
2397,2710,3082,Concrete
2398,2045,2313,Asphalt
2399,54,3877,Asphalt
2400,62,3071,Asphalt
2401,1185,1639,Gravel
2402,1243,1527,Concrete
2403,1959,3411,Grass
2404,1141,3447,Gravel
2405,959,1299,Asphalt
2406,1080,1113,Grass
2407,1822,1496,Asphalt
2408,1698,1949,Gravel
2409,1439,2000,Gravel
2410,122,2796,Asphalt
2411,2830,1574,Asphalt
2412,1260,2591,Gravel
2413,1781,2533,Concrete
2414,2770,3729,Asphalt
2415,996,2333,Grass
2416,119,2848,Concrete
2417,1273,2036,Asphalt
2418,2172,3407,Concrete
2419,1374,3845,Concrete
2420,2168,1443,Grass
2421,377,2263,Asphalt
2422,1094,3171,Gravel
2423,704,3269,Asphalt
2424,1974,1493,Asphalt
2425,341,1288,Concrete
2426,2633,3594,Asphalt
2427,968,3330,Asphalt
2428,1381,3509,Asphalt
2429,1545,2613,Gravel
2430,634,1134,Concrete
2431,2987,1354,Gravel
2432,2377,3899,Gravel
2433,296,3368,Concrete
2434,1403,2719,Asphalt
2435,456,2402,Concrete
2436,2019,2325,Concrete
2437,1212,2114,Asphalt
2438,1774,3888,Asphalt
2439,1342,2315,Concrete
2440,1022,2965,Asphalt
2441,2791,2351,Grass
2442,300,1470,Asphalt
2443,2701,3511,Grass
2444,2780,1035,Asphalt
2445,1717,1860,Asphalt
2446,1481,3199,Gravel
2447,2639,3348,Gravel
2448,2155,1939,Concrete
2449,2562,2279,Gravel
2450,1104,3457,Grass
2451,484,3931,Gravel
2452,996,3683,Concrete
2453,174,3566,Asphalt
2454,513,2160,Asphalt
2455,409,3031,Gravel
2456,105,3581,Gravel
2457,1843,3652,Asphalt
2458,1382,3930,Grass
2459,2012,2419,Grass
2460,1050,3611,Concrete
2461,658,2507,Asphalt
2462,2487,1939,Concrete
2463,1681,1331,Concrete
2464,1433,1144,Asphalt
2465,2499,2570,Asphalt
2466,2591,3009,Gravel
2467,2185,2378,Concrete
2468,2909,2112,Asphalt
2469,1497,2373,Gravel
2470,1536,3831,Gravel
2471,2348,1983,Gravel
2472,2832,1839,Concrete
2473,11,2713,Concrete
2474,489,1018,Gravel
2475,2030,1931,Gravel
2476,1073,1238,Grass
2477,799,2126,Gravel
2478,2799,2563,Grass
2479,2630,2278,Asphalt
2480,517,2344,Asphalt
2481,2222,3739,Concrete
2482,765,3748,Gravel
2483,293,3102,Grass
2484,101,2428,Gravel
2485,972,3540,Asphalt
2486,1156,2542,Grass
2487,2872,3677,Grass
2488,794,2480,Asphalt
2489,1644,1591,Concrete
2490,1027,3416,Asphalt
2491,37,2564,Asphalt
2492,2959,2472,Grass
2493,2019,2412,Gravel
2494,2974,1606,Gravel
2495,174,2643,Gravel
2496,2668,2819,Grass
2497,1659,1390,Asphalt
2498,65,1847,Grass
2499,1225,3580,Gravel
2500,573,1038,Concrete
2501,2965,3926,Gravel
2502,1921,2297,Gravel
2503,2107,2782,Gravel
2504,926,1314,Concrete
2505,2209,2681,Gravel
2506,1960,1867,Grass
2507,2004,2873,Gravel
2508,366,3173,Gravel
2509,737,1599,Grass
2510,1345,1990,Grass
2511,2772,3396,Grass
2512,1111,2596,Gravel
2513,2501,2313,Asphalt
2514,1366,3750,Concrete
2515,2782,2291,Gravel
2516,123,2740,Asphalt
2517,2729,2926,Grass
2518,1685,3083,Concrete
2519,213,1596,Gravel
2520,615,1699,Concrete
2521,1620,3208,Grass
2522,2784,3210,Grass
2523,2165,3460,Asphalt
2524,2537,1252,Concrete
2525,2944,3549,Concrete
2526,2674,1171,Asphalt
2527,2085,3245,Grass
2528,658,2851,Asphalt
2529,1891,3691,Asphalt
2530,2570,1210,Grass
2531,2803,1996,Concrete
2532,502,1011,Concrete
2533,317,2869,Asphalt
2534,2236,1455,Concrete
2535,2055,2389,Gravel
2536,428,1626,Gravel
2537,1868,3656,Concrete
2538,136,1114,Gravel
2539,2260,1959,Asphalt
2540,1978,2080,Asphalt
2541,2258,3040,Concrete
2542,403,2134,Concrete
2543,1095,2036,Gravel
2544,1516,2911,Asphalt
2545,2861,2481,Concrete
2546,1303,1977,Asphalt
2547,1306,3694,Gravel
2548,2594,3456,Concrete
2549,298,3903,Concrete
2550,2927,2163,Concrete
2551,1654,2689,Gravel
2552,2955,2592,Gravel
2553,2774,2059,Gravel
2554,466,2138,Asphalt
2555,2261,2841,Grass
2556,591,2190,Grass
2557,2021,3904,Asphalt
2558,1659,1835,Gravel
2559,206,2759,Grass
2560,2022,2623,Grass
2561,1968,1438,Asphalt
2562,1057,3263,Grass
2563,612,2267,Gravel
2564,629,3638,Concrete
2565,558,2033,Asphalt
2566,1434,2823,Gravel
2567,206,1223,Grass
2568,1522,2808,Asphalt
2569,2141,1902,Asphalt
2570,513,2061,Asphalt
2571,565,3276,Gravel
2572,913,2124,Grass
2573,2706,3743,Gravel
2574,1595,1137,Concrete
2575,2755,3335,Gravel
2576,1157,2509,Asphalt
2577,2152,3783,Asphalt
2578,513,2498,Asphalt
2579,2928,3741,Grass
2580,964,1160,Concrete
2581,1436,3006,Asphalt
2582,2835,3761,Asphalt
2583,500,1968,Grass
2584,241,2035,Concrete
2585,266,2355,Asphalt
2586,789,3834,Concrete
2587,1903,1766,Gravel
2588,1405,3403,Gravel
2589,932,2394,Grass
2590,1780,3078,Grass
2591,260,2446,Gravel
2592,2989,1651,Gravel
2593,1112,2962,Asphalt
2594,790,3602,Concrete
2595,775,3908,Grass
2596,1234,1306,Grass
2597,548,2643,Concrete
2598,2281,1561,Gravel
2599,1096,2239,Grass
2600,592,2313,Asphalt
2601,220,3159,Grass
2602,93,1513,Gravel
2603,92,1867,Grass
2604,1411,3345,Concrete
2605,1622,2256,Concrete
2606,2191,2135,Asphalt
2607,1771,3264,Gravel
2608,308,2558,Asphalt
2609,95,3055,Grass
2610,2786,2703,Gravel
2611,398,3612,Gravel
2612,1652,2300,Asphalt
2613,247,1653,Gravel
2614,2391,1395,Grass
2615,2428,2817,Gravel
2616,2566,2718,Grass
2617,836,3505,Asphalt
2618,56,1636,Concrete
2619,2643,1914,Concrete
2620,1315,2513,Grass
2621,2364,3624,Grass
2622,2594,3842,Asphalt
2623,1120,3226,Concrete
2624,1943,3108,Concrete
2625,1091,2585,Asphalt
2626,2060,2546,Grass
2627,2278,3404,Grass
2628,696,2008,Concrete
2629,53,3812,Grass
2630,163,3605,Asphalt
2631,1672,3571,Gravel
2632,1110,3154,Concrete
2633,2162,2687,Gravel
2634,2230,2044,Concrete
2635,1698,2452,Gravel
2636,369,1444,Gravel
2637,547,3598,Grass
2638,2226,2846,Concrete
2639,1609,2818,Gravel
2640,2032,3876,Concrete
2641,1727,1778,Concrete
2642,530,1953,Grass
2643,1222,1222,Concrete
2644,2315,2701,Concrete
2645,1257,2195,Concrete
2646,144,1220,Gravel
2647,946,1456,Asphalt
2648,2542,1458,Grass
2649,2563,1222,Concrete
2650,2911,2534,Gravel
2651,1459,3821,Gravel
2652,1678,2101,Gravel
2653,1609,2280,Gravel
2654,1882,3281,Concrete
2655,1999,2515,Asphalt
2656,2125,3712,Concrete
2657,1957,2386,Gravel
2658,1938,2198,Asphalt
2659,1878,2880,Asphalt
2660,1242,3092,Grass
2661,943,2552,Grass
2662,1212,1976,Grass
2663,2746,2457,Gravel
2664,2625,1230,Grass
2665,1071,3383,Asphalt
2666,2050,3890,Asphalt
2667,2321,1763,Grass
2668,519,1322,Asphalt
2669,1457,2554,Gravel
2670,2404,3358,Grass
2671,2009,2532,Asphalt
2672,289,2215,Asphalt
2673,94,3917,Grass
2674,940,3853,Asphalt
2675,2244,1385,Asphalt
2676,1149,2381,Gravel
2677,2828,2054,Gravel
2678,2976,3252,Grass
2679,251,2014,Grass
2680,1960,3197,Grass
2681,2677,2973,Grass
2682,396,2602,Asphalt
2683,364,1458,Grass
2684,1120,2762,Grass
2685,642,3241,Gravel
2686,1910,2125,Grass
2687,746,2851,Concrete
2688,1126,1031,Asphalt
2689,2098,3564,Concrete
2690,1616,1065,Asphalt
2691,643,3446,Grass
2692,14,3291,Asphalt
2693,96,1938,Gravel
2694,1522,3838,Asphalt
2695,1296,3301,Asphalt
2696,2167,2141,Asphalt
2697,906,1765,Asphalt
2698,710,1015,Gravel
2699,2352,2744,Gravel
2700,193,2108,Grass
2701,40,2938,Gravel
2702,164,1805,Asphalt
2703,1185,3716,Grass
2704,1212,1671,Gravel
2705,797,3809,Grass
2706,1381,3696,Concrete
2707,2205,2783,Grass
2708,2594,3409,Concrete
2709,1301,2993,Asphalt
2710,2499,2607,Concrete
2711,1474,1603,Concrete
2712,927,1138,Grass
2713,1724,1602,Asphalt
2714,336,3559,Gravel
2715,1721,2479,Gravel
2716,2315,1336,Grass
2717,721,2123,Gravel
2718,1784,2340,Gravel
2719,2718,3284,Gravel
2720,201,3167,Gravel
2721,318,3913,Grass
2722,2586,1742,Asphalt
2723,2389,1246,Grass
2724,1086,2426,Gravel
2725,1746,1079,Gravel
2726,1689,1626,Concrete
2727,2318,1895,Gravel
2728,1543,1486,Grass
2729,1693,2482,Concrete
2730,327,3564,Concrete
2731,238,2289,Concrete
2732,2393,1586,Asphalt
2733,298,2625,Grass
2734,106,3161,Grass
2735,1328,1211,Concrete
2736,534,1889,Concrete
2737,2156,3699,Grass
2738,968,1530,Asphalt
2739,2728,1718,Gravel
2740,2706,2239,Asphalt
2741,424,3057,Concrete
2742,2058,3718,Gravel
2743,825,2591,Grass
2744,2584,2643,Grass
2745,2116,1789,Grass
2746,2589,3871,Asphalt
2747,889,3787,Concrete
2748,158,2318,Gravel
2749,2579,1993,Grass
2750,361,1919,Gravel
2751,1218,1828,Asphalt
2752,531,1953,Asphalt
2753,1485,2530,Gravel
2754,1178,2835,Gravel
2755,520,3177,Gravel
2756,855,1623,Asphalt
2757,1889,2738,Concrete
2758,2132,2204,Grass
2759,766,2143,Gravel
2760,2961,2539,Grass
2761,1376,2943,Grass
2762,2440,1451,Grass
2763,1903,3417,Concrete
2764,1575,2579,Grass
2765,2145,2541,Asphalt
2766,1119,2237,Gravel
2767,2519,2863,Asphalt
2768,658,2090,Concrete
2769,2971,3124,Grass
2770,429,1857,Gravel
2771,2838,1004,Concrete
2772,746,2919,Grass
2773,857,2008,Grass
2774,2655,1983,Grass
2775,2216,1775,Concrete
2776,2336,1317,Asphalt
2777,2111,3029,Gravel
2778,1823,1659,Gravel
2779,1575,1003,Asphalt
2780,774,3856,Asphalt
2781,1033,1727,Concrete
2782,1022,1026,Gravel
2783,1263,2971,Asphalt
2784,1021,1196,Gravel
2785,686,2837,Gravel
2786,2941,2238,Concrete
2787,1051,1566,Grass
2788,727,2242,Concrete
2789,1660,1087,Gravel
2790,1727,3561,Concrete
2791,140,3841,Gravel
2792,1504,2050,Grass
2793,2245,2034,Concrete
2794,1492,2157,Asphalt
2795,527,1391,Grass
2796,2988,1571,Concrete
2797,825,1992,Concrete
2798,2919,2315,Gravel
2799,2995,2550,Concrete
2800,2229,1962,Concrete
2801,2712,1868,Grass
2802,2528,1200,Asphalt
2803,1908,1489,Asphalt
2804,924,3865,Grass
2805,1861,3786,Grass
2806,205,3672,Concrete
2807,1112,1611,Grass
2808,2028,2990,Grass
2809,725,2166,Asphalt
2810,2120,3831,Gravel
2811,1108,1454,Concrete
2812,1639,3653,Asphalt
2813,2627,1109,Grass
2814,966,2634,Asphalt
2815,576,1304,Grass
2816,1249,1598,Grass
2817,628,2529,Asphalt
2818,82,2090,Gravel
2819,2183,2660,Concrete
2820,1711,2526,Gravel
2821,66,3766,Gravel
2822,2152,1657,Concrete
2823,2549,3629,Concrete
2824,2021,2577,Grass
2825,378,1038,Grass
2826,2355,1139,Grass
2827,1071,3401,Concrete
2828,1792,2952,Concrete
2829,144,3776,Asphalt
2830,2416,2145,Gravel
2831,2515,2209,Grass
2832,684,3032,Asphalt
2833,937,1983,Gravel
2834,1994,2334,Gravel
2835,2568,2291,Gravel
2836,2369,3937,Concrete
2837,2976,3117,Grass
2838,1208,2498,Gravel
2839,2562,1366,Asphalt
2840,1227,2744,Gravel
2841,1754,2002,Concrete
2842,2426,2721,Gravel
2843,1089,3313,Grass
2844,1003,2292,Grass
2845,155,2977,Grass
2846,1525,2522,Grass
2847,2311,1403,Concrete
2848,1408,3084,Asphalt
2849,2396,2644,Concrete
2850,2426,2423,Gravel
2851,171,1505,Gravel
2852,1832,2968,Grass
2853,1317,3308,Grass
2854,2727,1366,Concrete
2855,340,2392,Gravel
2856,1839,1899,Concrete
2857,2822,3651,Asphalt
2858,2484,2076,Gravel
2859,491,1374,Gravel
2860,990,1601,Concrete
2861,1219,3662,Gravel
2862,2654,3298,Concrete
2863,1086,3477,Concrete
2864,1489,1560,Concrete
2865,2920,2453,Asphalt
2866,2177,2026,Concrete
2867,1639,3012,Concrete
2868,140,1900,Asphalt
2869,2408,1236,Concrete
2870,37,3247,Concrete
2871,1335,1014,Asphalt
2872,1274,1754,Grass
2873,2806,2273,Gravel
2874,2228,1907,Gravel
2875,2370,2818,Concrete
2876,137,1667,Concrete
2877,2421,2737,Concrete
2878,2219,1511,Grass
2879,1104,2075,Concrete
2880,2802,2511,Asphalt
2881,2140,3234,Grass
2882,1027,3136,Asphalt
2883,2242,2713,Grass
2884,1034,3114,Concrete
2885,407,2668,Asphalt
2886,378,3448,Gravel
2887,2965,2682,Asphalt
2888,99,1385,Asphalt
2889,1942,2733,Gravel
2890,1979,2352,Concrete
2891,1454,2237,Gravel
2892,2438,1908,Grass
2893,1956,2374,Grass
2894,1876,2215,Gravel
2895,131,2170,Grass
2896,1120,1518,Grass
2897,1360,2703,Concrete
2898,2091,3261,Asphalt
2899,1272,1155,Asphalt
2900,4,2493,Gravel
2901,1595,3635,Asphalt
2902,417,1851,Asphalt
2903,1835,2713,Concrete
2904,979,1899,Grass
2905,711,3243,Concrete
2906,2042,3309,Gravel
2907,2409,1708,Grass
2908,1830,3583,Grass
2909,1409,3602,Concrete
2910,199,2798,Concrete
2911,2430,2479,Concrete
2912,1690,2378,Grass
2913,1078,3403,Asphalt
2914,1558,3011,Concrete
2915,1047,2554,Grass
2916,1023,2778,Grass
2917,250,3046,Grass
2918,1408,3495,Asphalt
2919,2266,3020,Concrete
2920,353,3614,Concrete
2921,139,1064,Concrete
2922,1339,2373,Asphalt
2923,1207,2410,Asphalt
2924,1642,2134,Concrete
2925,1058,2983,Grass
2926,2618,1541,Gravel
2927,229,3461,Concrete
2928,821,3935,Concrete
2929,2253,3467,Grass
2930,1545,2126,Asphalt
2931,207,2465,Gravel
2932,913,1982,Gravel
2933,2177,3729,Asphalt
2934,1045,2950,Asphalt
2935,70,2199,Gravel
2936,2081,2329,Grass
2937,444,1301,Concrete
2938,2425,3603,Asphalt
2939,2288,1465,Asphalt
2940,870,3866,Grass
2941,2639,1121,Concrete
2942,843,3565,Asphalt
2943,293,2950,Concrete
2944,2180,2936,Asphalt
2945,427,1236,Asphalt
2946,592,1145,Asphalt
2947,1272,3582,Asphalt
2948,2526,2203,Asphalt
2949,2414,1633,Asphalt
2950,1178,1078,Gravel
2951,840,3177,Grass
2952,2148,1912,Grass
2953,2441,2916,Asphalt
2954,1522,3882,Gravel
2955,2280,3794,Gravel
2956,1066,2696,Gravel
2957,2341,1595,Concrete
2958,2995,3468,Concrete
2959,1751,1380,Asphalt
2960,323,3894,Grass
2961,2220,2513,Asphalt
2962,545,2981,Gravel
2963,2645,1494,Grass
2964,1875,1022,Concrete
2965,1001,2205,Grass
2966,2151,2213,Gravel
2967,496,2348,Concrete
2968,2031,1307,Grass
2969,1661,2650,Asphalt
2970,1373,1919,Concrete
2971,431,3007,Grass
2972,700,1292,Grass
2973,2760,3914,Gravel
2974,1223,2860,Grass
2975,2167,2665,Grass
2976,272,2498,Gravel
2977,383,3263,Concrete
2978,113,1024,Grass
2979,287,2597,Grass
2980,2410,3920,Gravel
2981,114,1306,Concrete
2982,2160,1221,Grass
2983,988,2723,Asphalt
2984,2688,2075,Concrete
2985,2624,2995,Asphalt
2986,1162,1835,Concrete
2987,1552,1851,Asphalt
2988,438,2084,Concrete
2989,2178,1159,Asphalt
2990,2804,2082,Grass
2991,643,3242,Gravel
2992,863,1813,Gravel
2993,794,2233,Concrete
2994,889,3135,Grass
2995,2553,1932,Gravel
2996,2082,3236,Gravel
2997,1781,1084,Grass
2998,1564,2247,Concrete
2999,1555,2659,Gravel
3000,1497,1237,Asphalt
