Weather ID,Temperature,Wind Speed,Visibility
747,20.35,71.18,Moderate
685,6.62,36.31,Very Poor
15,25.48,1.91,Very Poor
459,17.4,18.46,Poor
675,-16.2,40.04,Very Poor
890,-5.36,28.69,Good
298,24.26,33.76,Good
284,33.8,65.28,Good
170,19.83,18.56,Poor
494,-1.79,42.28,Poor
501,16.55,84.66,Moderate
604,14.18,93.81,Very Poor
499,4.57,62.1,Poor
693,-2.36,97.34,Poor
369,-16.79,89.79,Poor
682,39.91,27.73,Poor
36,-5.49,88.29,Good
691,25.34,61.24,Very Poor
242,16.92,40.14,Moderate
504,-17.08,61.13,Poor
582,-11.33,94.06,Poor
454,37.34,37.66,Very Poor
261,-8.29,5.23,Good
411,-15.44,45.91,Very Poor
781,-2.9,63.44,Good
554,21.02,29.86,Moderate
932,17.13,69.61,Good
484,-16.38,88.82,Good
334,16.1,45.18,Very Poor
624,24.3,25.87,Moderate
839,38.96,71.75,Moderate
438,34.11,71.77,Poor
210,9.0,77.82,Moderate
980,27.0,2.62,Moderate
356,37.72,56.53,Poor
812,21.75,48.94,Very Poor
714,3.38,14.31,Good
293,34.13,28.57,Poor
933,34.98,83.71,Very Poor
810,29.54,76.22,Moderate
942,-16.68,94.71,Good
509,-0.82,2.16,Very Poor
223,-14.28,94.46,Very Poor
798,-6.78,91.28,Poor
673,14.51,39.57,Very Poor
366,-5.32,36.0,Very Poor
180,15.5,68.44,Very Poor
381,19.95,66.31,Good
884,7.11,14.09,Good
1000,8.43,82.8,Poor
408,29.62,53.5,Very Poor
537,36.39,43.68,Poor
642,-16.96,23.03,Good
48,-15.49,25.98,Good
267,-0.04,79.36,Poor
306,34.1,44.78,Very Poor
800,8.72,55.58,Very Poor
489,-5.12,63.71,Poor
965,-1.6,90.89,Very Poor
532,15.64,59.95,Very Poor
618,25.61,55.57,Good
150,17.71,72.3,Moderate
845,21.58,69.08,Very Poor
353,25.03,77.33,Poor
759,36.73,59.68,Moderate
571,23.49,11.69,Moderate
458,-14.6,1.75,Moderate
253,-8.15,51.31,Very Poor
697,-4.08,26.73,Moderate
475,0.41,81.06,Very Poor
136,15.79,19.35,Good
191,14.42,91.27,Good
956,-14.9,26.4,Moderate
558,32.39,23.69,Good
866,24.83,78.13,Good
882,15.6,22.38,Poor
826,13.8,47.2,Very Poor
441,33.71,36.99,Very Poor
24,-17.57,41.05,Moderate
517,21.66,58.94,Poor
76,28.71,23.98,Moderate
310,27.38,25.01,Good
992,-8.03,8.3,Very Poor
695,13.15,80.85,Poor
801,3.28,13.07,Good
632,31.34,88.33,Moderate
941,37.86,27.56,Poor
881,-5.73,11.8,Poor
984,-2.6,26.42,Poor
460,-6.22,15.03,Good
278,-17.71,47.89,Poor
833,31.17,26.41,Good
617,-5.43,17.63,Poor
740,31.97,1.66,Poor
638,39.97,67.02,Very Poor
719,9.22,5.52,Good
990,-2.15,84.37,Moderate
497,11.81,21.69,Poor
383,-10.45,62.65,Good
837,39.22,62.41,Very Poor
559,22.92,18.51,Moderate
878,7.69,47.72,Very Poor
257,14.21,90.33,Good
752,18.62,67.42,Very Poor
889,22.44,14.2,Good
100,33.37,46.45,Very Poor
786,-17.7,27.29,Very Poor
862,-1.46,76.5,Good
771,-6.18,64.06,Moderate
957,-1.78,70.69,Poor
678,12.76,57.46,Poor
483,32.62,0.68,Moderate
895,27.64,94.59,Very Poor
914,22.7,13.22,Good
134,27.46,74.55,Moderate
779,22.47,91.44,Good
380,23.17,13.62,Poor
364,4.93,43.51,Poor
201,38.78,11.79,Poor
573,-2.88,5.26,Very Poor
154,4.87,8.18,Moderate
86,37.96,81.03,Moderate
972,10.13,1.38,Good
69,-2.94,53.36,Very Poor
194,0.01,34.8,Good
789,10.49,62.11,Poor
359,22.42,42.11,Very Poor
142,2.89,39.42,Moderate
589,14.47,70.26,Moderate
874,14.33,23.01,Moderate
762,-18.75,16.16,Good
830,-10.35,37.32,Moderate
708,35.86,27.9,Very Poor
716,27.79,85.49,Poor
545,3.08,27.49,Very Poor
696,-4.01,36.08,Good
211,-8.99,99.28,Moderate
206,33.72,81.99,Good
347,3.24,83.18,Very Poor
393,37.32,89.66,Moderate
967,-6.76,89.56,Poor
574,-7.05,52.79,Good
106,37.27,19.7,Poor
204,-11.44,23.84,Very Poor
164,28.54,48.88,Very Poor
567,4.92,96.5,Good
450,37.07,31.79,Very Poor
563,17.14,30.92,Very Poor
776,8.03,32.03,Very Poor
434,-4.71,65.86,Very Poor
640,30.54,4.44,Moderate
72,29.96,66.83,Good
667,24.49,18.47,Good
207,34.26,1.48,Very Poor
397,-10.28,83.29,Good
415,4.79,4.92,Good
996,-3.28,24.96,Good
303,24.07,61.5,Very Poor
655,12.11,80.8,Poor
422,-10.97,91.97,Good
370,-17.11,23.03,Good
133,22.62,51.92,Good
847,37.01,55.61,Moderate
214,18.34,89.45,Poor
46,39.99,13.15,Good
544,18.99,65.03,Poor
34,-11.73,14.77,Poor
216,-3.49,93.29,Very Poor
11,33.38,13.92,Moderate
447,-0.21,68.29,Poor
868,33.68,24.25,Very Poor
777,-10.1,40.63,Good
320,-1.3,60.38,Very Poor
256,39.66,6.31,Good
840,11.59,52.29,Moderate
814,36.63,39.47,Good
706,22.9,13.44,Very Poor
317,25.39,10.81,Poor
429,-13.2,14.77,Very Poor
294,33.58,89.37,Moderate
709,-4.76,42.84,Very Poor
785,31.16,36.06,Moderate
836,38.05,22.15,Good
437,-16.77,64.66,Poor
444,4.85,63.5,Very Poor
639,-0.22,64.72,Good
538,24.79,80.29,Good
67,5.23,61.11,Very Poor
137,39.52,46.54,Poor
96,8.83,35.69,Good
848,-17.31,83.3,Poor
623,-14.42,91.1,Moderate
680,34.92,58.32,Good
135,6.82,28.85,Good
949,25.66,0.12,Very Poor
98,-5.16,21.66,Very Poor
769,31.18,82.85,Very Poor
674,-2.04,67.53,Poor
205,-6.48,91.98,Moderate
152,29.85,79.97,Moderate
736,-14.01,9.03,Moderate
648,-18.3,38.84,Moderate
30,36.67,39.82,Moderate
611,16.55,87.5,Very Poor
880,16.15,94.99,Good
83,25.1,80.19,Moderate
276,-12.71,74.36,Poor
264,-4.87,66.67,Good
12,-6.27,43.22,Poor
587,14.58,72.56,Good
329,-17.82,36.67,Very Poor
887,-2.32,25.39,Poor
710,11.02,6.5,Poor
944,34.69,51.77,Poor
797,-14.31,79.68,Moderate
129,39.85,51.07,Good
536,5.37,37.51,Good
477,1.97,5.65,Poor
236,-11.58,42.28,Poor
918,13.28,65.92,Very Poor
5,-2.71,35.64,Poor
791,-4.87,38.17,Good
844,-3.69,83.0,Moderate
379,-0.37,89.31,Very Poor
225,30.53,99.19,Moderate
110,-11.92,5.93,Poor
811,-19.55,18.93,Very Poor
184,16.36,24.74,Good
851,-7.55,85.03,Poor
979,-5.61,65.55,Very Poor
292,2.75,27.95,Moderate
92,-2.91,32.3,Very Poor
659,35.83,65.8,Poor
412,29.59,72.72,Good
911,34.47,74.37,Poor
733,-3.57,30.64,Poor
622,25.91,97.16,Poor
327,14.8,53.17,Very Poor
65,29.14,36.83,Poor
857,-18.82,84.92,Very Poor
446,-9.24,11.59,Very Poor
543,-2.71,34.28,Good
404,23.39,66.25,Moderate
304,-1.73,76.92,Poor
233,26.56,16.99,Good
35,-2.76,78.15,Very Poor
583,3.13,22.82,Good
824,-8.45,75.66,Good
505,-5.56,72.35,Good
958,14.94,79.18,Poor
751,-14.03,88.06,Poor
6,23.16,87.2,Good
401,-11.13,51.61,Good
215,14.58,86.83,Very Poor
869,-19.99,28.67,Moderate
804,2.99,25.06,Very Poor
131,-13.4,30.01,Moderate
33,1.37,76.35,Moderate
168,3.85,74.66,Moderate
937,23.04,27.77,Very Poor
270,-18.36,81.5,Very Poor
18,17.83,31.5,Good
766,12.31,64.25,Moderate
138,-4.77,11.74,Good
273,23.38,46.48,Very Poor
286,5.82,88.93,Very Poor
749,33.62,17.63,Good
345,-8.94,24.2,Good
252,-13.83,62.97,Poor
20,25.47,15.87,Poor
363,-11.13,89.21,Very Poor
989,-15.27,28.09,Poor
670,9.31,15.28,Very Poor
482,31.34,68.42,Very Poor
3,-16.98,70.95,Good
531,27.87,70.04,Moderate
268,30.23,6.76,Moderate
426,-11.89,90.77,Very Poor
315,-3.21,15.55,Good
852,38.86,8.01,Moderate
535,29.58,33.87,Very Poor
171,17.05,3.12,Moderate
780,31.18,89.03,Moderate
973,34.12,45.59,Poor
584,22.4,38.37,Poor
358,31.23,71.17,Poor
864,2.26,82.8,Moderate
153,2.61,64.72,Moderate
539,37.26,43.04,Poor
362,-16.02,78.37,Moderate
481,2.36,50.04,Poor
324,10.87,40.6,Good
507,25.3,17.15,Good
391,-9.7,62.23,Good
433,-15.01,12.0,Good
748,1.81,75.93,Moderate
1,38.27,50.47,Moderate
815,-19.73,43.76,Poor
512,32.4,10.11,Very Poor
26,15.08,20.25,Good
671,33.02,40.15,Poor
260,-11.96,23.5,Very Poor
452,9.41,66.91,Moderate
398,27.86,4.5,Good
660,-0.74,1.67,Moderate
725,27.49,6.41,Very Poor
198,-17.02,81.53,Poor
978,23.57,98.51,Good
346,-17.36,38.66,Poor
23,-19.41,71.54,Poor
496,9.06,96.27,Very Poor
929,16.2,0.59,Poor
376,27.39,63.28,Very Poor
594,16.06,10.85,Good
255,-1.41,28.94,Poor
111,33.81,3.73,Moderate
700,12.43,86.88,Good
970,25.55,76.92,Moderate
193,31.89,99.41,Moderate
974,23.19,71.07,Good
629,14.04,65.86,Poor
305,19.42,1.9,Poor
195,3.8,77.86,Good
885,21.35,9.85,Good
809,-6.14,63.6,Very Poor
619,11.25,45.89,Poor
127,7.96,53.89,Moderate
350,9.83,40.89,Very Poor
924,6.94,89.77,Moderate
21,23.56,49.79,Poor
474,-11.6,32.33,Good
742,36.74,92.83,Good
352,33.18,80.71,Very Poor
8,11.43,82.21,Moderate
148,-9.15,63.44,Poor
994,10.06,38.37,Good
561,-0.99,60.06,Poor
526,31.55,33.03,Poor
891,35.73,7.61,Moderate
626,-1.84,93.84,Moderate
645,-15.01,8.35,Moderate
758,11.09,19.0,Good
322,20.58,78.83,Moderate
279,15.4,82.44,Very Poor
765,37.03,92.12,Poor
901,-15.36,14.4,Poor
4,10.89,48.07,Moderate
2,36.08,5.45,Moderate
813,25.06,28.83,Good
723,32.96,18.34,Very Poor
945,13.57,79.1,Moderate
64,39.0,94.16,Very Poor
732,-8.99,30.62,Very Poor
897,-10.26,69.3,Very Poor
29,-6.59,78.5,Moderate
175,12.03,60.99,Good
162,16.98,92.84,Poor
730,-18.37,3.51,Good
241,12.38,60.54,Very Poor
349,-5.49,88.8,Moderate
22,2.28,15.13,Very Poor
430,-7.4,23.02,Poor
466,-14.54,20.78,Moderate
664,-0.05,55.87,Good
101,24.38,34.74,Good
13,-9.2,1.83,Very Poor
760,13.72,82.27,Very Poor
647,35.14,26.85,Very Poor
621,-9.49,39.66,Very Poor
355,-11.48,71.95,Poor
114,-19.35,22.12,Poor
245,26.0,76.0,Very Poor
479,-11.91,97.05,Moderate
271,-15.21,67.94,Very Poor
987,12.77,22.26,Very Poor
677,17.93,83.54,Poor
330,12.49,93.67,Poor
235,23.53,87.19,Very Poor
209,5.38,14.2,Poor
905,-12.79,24.2,Poor
237,12.43,35.57,Moderate
90,-19.32,65.12,Very Poor
522,2.97,35.43,Poor
689,-15.21,39.61,Poor
922,21.64,39.77,Very Poor
121,29.36,23.46,Poor
326,-7.02,21.31,Very Poor
598,-5.19,91.71,Poor
461,0.87,89.91,Moderate
635,11.85,21.02,Good
84,26.28,99.36,Good
88,35.16,30.91,Very Poor
564,-16.91,82.38,Poor
231,32.76,27.69,Very Poor
876,33.23,15.54,Moderate
643,29.33,67.96,Moderate
899,13.03,99.75,Moderate
607,-2.55,52.52,Moderate
400,-18.43,16.7,Good
546,7.23,80.02,Very Poor
529,-6.53,25.35,Poor
149,19.28,97.7,Poor
873,11.73,25.54,Poor
657,-0.2,66.53,Poor
403,-0.52,93.91,Good
125,-9.67,12.64,Good
803,-19.03,67.84,Moderate
590,5.73,36.1,Poor
666,0.89,95.1,Good
832,7.07,36.91,Moderate
750,-17.02,50.7,Poor
570,18.42,98.23,Good
453,20.71,30.91,Moderate
457,36.44,11.48,Poor
283,-16.41,21.09,Good
601,-10.25,56.44,Very Poor
75,17.99,49.62,Very Poor
82,7.92,58.78,Moderate
652,-19.2,30.76,Very Poor
572,-15.09,40.85,Moderate
188,29.34,58.68,Moderate
325,3.36,38.41,Poor
963,-3.9,35.74,Very Poor
365,-19.69,41.89,Very Poor
738,24.95,19.88,Poor
280,10.66,27.9,Good
25,-13.5,29.65,Poor
595,25.16,56.12,Good
930,-15.39,21.79,Moderate
935,11.07,7.47,Poor
722,-5.03,23.27,Moderate
692,6.16,7.8,Good
743,-12.65,44.1,Moderate
425,-10.62,25.41,Poor
234,30.57,53.85,Very Poor
952,35.51,57.04,Good
548,39.05,19.46,Very Poor
50,13.89,48.95,Poor
222,6.04,52.19,Moderate
541,-7.81,18.92,Poor
863,14.79,93.73,Very Poor
384,18.59,92.12,Moderate
916,23.45,7.34,Very Poor
820,37.11,22.13,Moderate
991,32.02,8.8,Good
644,30.46,13.73,Good
416,33.23,20.51,Good
116,11.44,57.43,Good
793,-19.59,97.46,Very Poor
728,-19.61,50.93,Very Poor
179,-1.71,45.99,Very Poor
389,-3.32,85.51,Poor
302,-10.69,66.38,Very Poor
473,34.87,15.81,Moderate
908,-13.57,9.12,Poor
672,30.47,88.75,Moderate
661,25.08,95.22,Poor
337,33.15,36.77,Very Poor
962,1.7,37.87,Moderate
468,29.42,5.91,Very Poor
737,-14.97,65.38,Good
396,-12.31,84.63,Good
530,-14.94,4.37,Good
792,23.47,98.27,Poor
79,13.45,71.41,Good
947,-18.19,30.24,Very Poor
220,34.83,38.38,Poor
390,33.19,67.55,Very Poor
683,2.83,74.01,Poor
665,4.44,34.19,Poor
770,36.73,6.93,Moderate
277,8.11,8.09,Very Poor
357,38.08,26.12,Poor
926,4.72,40.37,Poor
705,17.51,4.08,Good
960,1.17,45.31,Very Poor
323,19.89,6.11,Poor
395,30.18,35.61,Very Poor
54,-0.63,69.16,Moderate
272,22.57,36.82,Good
977,-5.83,44.61,Very Poor
493,24.84,85.04,Good
244,10.85,27.85,Very Poor
333,-10.24,84.34,Very Poor
321,27.01,32.34,Moderate
478,25.76,67.09,Moderate
950,22.36,20.52,Moderate
189,-16.91,83.42,Poor
265,25.76,22.87,Very Poor
703,5.3,53.75,Very Poor
45,-19.98,72.82,Good
975,33.58,24.91,Moderate
566,19.4,97.04,Very Poor
87,-6.4,63.65,Good
739,19.79,18.89,Poor
295,7.62,69.83,Moderate
285,-15.59,36.76,Poor
768,12.94,56.24,Very Poor
540,19.15,52.73,Very Poor
246,-13.54,43.48,Moderate
10,4.75,93.47,Very Poor
167,29.28,97.51,Good
169,-11.78,41.34,Poor
336,15.09,44.56,Very Poor
982,14.5,68.43,Very Poor
603,14.96,86.98,Good
631,27.3,79.78,Good
525,28.06,58.65,Moderate
196,29.67,28.86,Poor
464,19.65,37.85,Good
744,4.83,12.87,Good
117,16.43,31.51,Good
602,26.33,20.87,Moderate
588,39.64,68.83,Good
892,-13.9,49.46,Moderate
465,-3.97,67.4,Good
997,4.3,24.88,Moderate
702,15.62,3.41,Poor
128,5.08,98.83,Poor
718,9.48,16.18,Moderate
392,15.85,68.62,Moderate
60,1.77,23.81,Very Poor
858,-11.48,10.1,Poor
906,8.38,46.69,Very Poor
741,37.43,79.78,Good
829,25.38,96.14,Moderate
817,26.11,94.92,Poor
649,15.71,56.14,Poor
610,-4.6,24.78,Very Poor
934,-10.39,37.8,Very Poor
513,39.49,41.8,Poor
31,-4.7,8.88,Good
28,11.37,30.8,Very Poor
888,24.45,90.32,Good
73,8.12,78.99,Poor
387,13.5,86.25,Moderate
311,38.97,5.26,Good
300,-4.96,33.82,Moderate
368,-19.61,92.58,Moderate
613,37.79,41.84,Very Poor
312,16.63,100.0,Very Poor
871,34.85,91.38,Good
51,-16.39,50.8,Moderate
775,1.64,45.0,Poor
931,-13.99,17.16,Moderate
157,12.39,86.16,Moderate
668,-14.09,43.48,Moderate
443,15.79,56.83,Moderate
263,12.24,60.15,Moderate
53,15.56,45.04,Poor
275,6.42,90.92,Moderate
966,11.26,82.86,Poor
93,-19.06,98.43,Moderate
772,3.73,0.71,Good
875,14.13,84.66,Poor
523,-4.83,70.57,Good
600,28.24,8.47,Good
968,-19.16,14.49,Poor
711,11.4,56.8,Very Poor
555,15.9,15.09,Moderate
59,-14.36,78.54,Good
909,-0.2,18.49,Very Poor
313,9.09,38.38,Moderate
410,34.84,24.25,Poor
309,-10.84,13.32,Very Poor
983,22.93,8.18,Poor
419,1.16,32.53,Poor
943,-3.95,94.73,Good
562,-18.32,98.58,Moderate
724,32.16,47.49,Moderate
371,-13.17,48.27,Moderate
763,-13.12,84.51,Moderate
318,33.59,18.75,Good
556,-11.03,14.3,Very Poor
166,13.56,19.37,Poor
579,-16.99,62.86,Moderate
32,10.2,42.0,Good
287,39.88,7.04,Poor
217,38.0,14.2,Poor
578,1.35,6.44,Poor
615,29.1,2.54,Moderate
296,36.03,96.09,Moderate
663,21.88,32.38,Good
143,-5.81,77.04,Good
713,-8.0,22.51,Poor
910,-12.52,77.69,Poor
262,-11.86,51.19,Poor
182,20.78,88.9,Moderate
274,10.98,72.56,Good
519,31.46,11.19,Moderate
247,28.37,81.28,Good
470,-5.64,60.41,Good
190,25.69,58.54,Very Poor
41,-14.06,69.22,Good
927,-15.63,33.48,Moderate
580,15.79,57.46,Moderate
756,13.11,98.53,Good
172,-0.55,12.07,Moderate
485,6.34,72.86,Very Poor
510,-4.46,85.66,Poor
853,3.04,21.89,Moderate
993,-12.23,59.19,Very Poor
52,-6.98,88.54,Poor
316,-16.58,39.03,Good
156,26.91,62.9,Very Poor
449,-17.67,87.84,Moderate
185,32.7,10.8,Very Poor
999,34.54,26.89,Very Poor
879,38.25,60.48,Good
385,-8.3,16.28,Good
440,18.68,62.1,Good
828,13.89,38.19,Good
71,29.98,45.12,Moderate
612,35.18,35.96,Very Poor
58,-17.78,94.47,Good
656,-19.09,8.88,Moderate
514,-9.0,31.48,Moderate
637,-2.31,31.06,Poor
495,28.11,32.83,Good
202,-2.42,98.63,Good
197,-0.78,61.75,Poor
940,-14.59,46.15,Good
515,1.84,81.58,Moderate
591,4.44,22.18,Poor
7,-11.03,87.71,Moderate
351,29.18,65.98,Moderate
421,32.14,0.34,Poor
332,30.19,88.92,Moderate
456,-1.07,45.94,Very Poor
690,-17.44,98.48,Moderate
258,3.75,20.39,Good
524,-0.55,18.56,Good
808,17.75,57.62,Very Poor
818,-19.94,23.36,Good
870,-7.09,81.23,Good
250,-10.78,52.87,Good
130,30.64,22.82,Very Poor
701,-5.25,71.74,Very Poor
577,31.16,29.9,Poor
955,25.56,55.16,Very Poor
904,-19.08,49.22,Moderate
995,1.07,42.85,Poor
831,-16.31,46.5,Poor
641,29.11,25.93,Poor
928,-10.07,45.12,Good
715,-4.74,20.52,Good
297,3.29,91.31,Moderate
998,33.39,70.56,Good
178,34.86,72.59,Poor
467,1.4,88.64,Poor
767,38.29,35.14,Good
778,13.92,82.12,Poor
339,22.35,6.06,Poor
492,5.39,22.43,Good
859,38.73,91.56,Very Poor
902,27.36,7.83,Poor
77,34.5,92.63,Poor
806,34.51,49.94,Very Poor
158,-6.89,50.32,Very Poor
550,8.86,23.0,Very Poor
745,5.22,95.55,Poor
825,1.77,30.61,Moderate
599,30.99,42.88,Moderate
266,17.55,58.3,Very Poor
354,25.82,40.94,Very Poor
367,34.42,66.55,Good
893,31.98,94.27,Good
731,-18.86,32.1,Poor
650,-5.34,68.1,Very Poor
581,-8.73,80.65,Moderate
951,39.7,76.24,Good
520,39.14,34.56,Poor
407,10.83,60.14,Poor
472,21.65,64.52,Very Poor
782,-7.86,62.47,Moderate
9,33.92,47.13,Poor
269,15.51,62.07,Poor
753,32.53,77.48,Poor
144,1.0,92.48,Good
802,22.52,2.03,Very Poor
471,-9.03,33.79,Good
856,39.06,45.85,Very Poor
634,-1.54,7.65,Good
435,19.63,60.67,Moderate
727,5.19,21.49,Good
112,21.31,15.21,Very Poor
988,29.9,64.73,Poor
328,-4.9,12.19,Moderate
936,3.61,19.06,Good
712,29.45,12.42,Very Poor
221,13.99,61.24,Moderate
633,29.59,51.13,Moderate
103,-7.85,41.37,Good
27,33.29,3.39,Moderate
542,16.07,5.49,Very Poor
424,28.27,74.92,Good
417,2.55,72.34,Very Poor
551,-8.05,43.06,Poor
627,22.44,38.47,Poor
161,22.77,44.6,Very Poor
547,-2.16,66.76,Poor
681,34.4,47.02,Moderate
70,39.28,43.28,Poor
372,33.77,3.08,Good
455,11.71,78.34,Moderate
476,6.47,75.65,Poor
788,12.63,71.55,Very Poor
314,33.94,69.99,Poor
173,4.7,17.65,Moderate
399,21.94,75.61,Very Poor
147,3.79,68.86,Good
91,-14.49,45.28,Poor
684,25.31,36.63,Moderate
249,26.74,28.34,Poor
335,-12.61,87.34,Poor
219,-3.49,79.71,Very Poor
402,-16.89,88.68,Moderate
516,7.53,59.49,Poor
981,13.13,26.86,Poor
688,13.78,66.65,Moderate
418,5.95,92.44,Poor
486,1.84,2.96,Poor
66,-1.53,20.23,Very Poor
883,-10.39,29.1,Moderate
503,27.82,77.35,Poor
174,-6.45,9.13,Poor
230,27.15,83.75,Good
374,5.43,37.81,Very Poor
488,-12.33,72.49,Poor
822,4.41,99.99,Moderate
717,35.02,66.64,Very Poor
97,38.11,51.14,Good
592,-11.36,7.36,Poor
794,10.3,55.8,Moderate
896,23.92,45.69,Very Poor
959,-18.43,71.24,Good
783,0.26,86.18,Good
746,20.47,16.3,Good
107,23.46,31.46,Very Poor
360,-16.82,84.14,Moderate
834,-8.43,95.23,Very Poor
823,37.37,37.73,Moderate
720,-0.08,83.42,Very Poor
593,26.17,0.68,Good
651,16.67,18.02,Very Poor
948,23.29,89.03,Very Poor
212,18.38,68.96,Poor
375,32.9,4.75,Very Poor
373,-16.3,3.63,Poor
754,-16.1,16.86,Poor
238,11.11,27.7,Poor
605,6.74,60.32,Moderate
964,24.06,37.36,Very Poor
694,1.23,94.47,Very Poor
282,31.15,23.65,Moderate
232,-3.57,8.6,Good
925,5.79,28.95,Poor
939,0.44,14.75,Good
409,31.21,35.75,Good
646,4.79,28.03,Poor
122,36.08,69.85,Moderate
971,38.18,58.28,Good
388,-3.95,43.27,Good
213,22.69,79.72,Poor
141,38.63,37.05,Poor
439,-12.65,80.98,Good
123,-4.62,23.72,Moderate
860,22.06,28.16,Very Poor
81,35.89,57.04,Good
894,3.1,26.53,Moderate
38,-13.0,59.21,Very Poor
132,33.37,8.88,Good
436,4.24,82.02,Poor
428,-0.2,92.88,Good
177,-19.08,44.64,Moderate
108,-6.59,53.65,Moderate
240,-8.08,49.5,Moderate
480,-3.93,67.83,Good
842,-5.29,28.4,Good
78,31.79,60.51,Poor
413,5.79,33.06,Poor
291,30.88,23.82,Poor
662,3.56,14.92,Very Poor
915,36.93,4.58,Moderate
726,6.09,13.77,Good
877,-7.31,42.34,Good
729,33.37,75.68,Moderate
707,14.25,4.24,Very Poor
95,-7.34,44.23,Very Poor
518,28.53,18.26,Good
378,7.39,47.22,Moderate
218,-5.96,67.72,Moderate
119,11.85,75.55,Moderate
145,-15.06,57.96,Good
160,36.93,77.1,Very Poor
606,34.05,61.06,Moderate
835,5.9,57.91,Good
37,28.39,36.68,Good
565,27.94,96.77,Poor
445,-16.53,11.93,Very Poor
919,5.76,71.8,Poor
630,30.25,89.05,Very Poor
734,-13.78,97.09,Moderate
342,37.61,46.27,Good
186,13.08,20.57,Poor
192,30.61,45.34,Poor
865,36.53,7.86,Good
653,-1.1,44.46,Moderate
498,36.82,91.8,Good
625,2.42,12.67,Moderate
528,2.73,97.35,Good
115,8.62,57.53,Good
807,-0.98,47.06,Good
867,20.68,24.35,Very Poor
40,0.71,14.64,Moderate
669,33.63,19.0,Moderate
921,15.58,37.94,Good
821,34.9,53.24,Moderate
239,12.98,2.08,Very Poor
341,32.95,46.73,Good
469,35.46,16.53,Good
68,-3.57,20.71,Good
187,26.85,33.55,Poor
290,30.9,56.98,Moderate
898,-12.54,16.46,Moderate
183,16.57,83.12,Moderate
181,-12.58,73.67,Poor
348,37.98,61.73,Moderate
229,-4.05,47.86,Very Poor
616,1.14,24.75,Moderate
687,-9.61,22.06,Moderate
289,7.39,47.61,Poor
838,29.63,3.65,Poor
843,-17.65,40.13,Very Poor
508,-18.45,44.98,Moderate
105,-13.92,48.17,Very Poor
761,-14.87,64.06,Moderate
432,19.65,97.72,Poor
511,-6.53,17.86,Moderate
872,32.71,79.68,Moderate
427,6.84,64.3,Very Poor
420,16.0,82.64,Poor
151,-14.89,90.12,Very Poor
553,28.35,20.51,Poor
569,9.24,65.2,Poor
636,0.68,19.9,Good
799,30.44,35.22,Very Poor
576,-5.63,93.01,Good
946,7.43,66.71,Moderate
288,-4.34,31.06,Very Poor
208,21.39,28.82,Poor
755,32.49,45.18,Good
575,-16.99,52.25,Good
923,-3.92,59.6,Good
502,19.66,2.16,Moderate
448,35.89,37.33,Poor
62,19.56,15.26,Very Poor
491,21.61,66.49,Good
487,-15.22,21.94,Moderate
704,-15.23,55.99,Moderate
49,34.37,29.37,Good
846,15.63,7.38,Good
886,-6.7,67.36,Very Poor
795,-4.73,38.1,Very Poor
340,-11.11,42.44,Poor
917,3.76,41.66,Poor
533,10.19,28.85,Good
620,16.43,66.85,Very Poor
57,-18.61,44.02,Good
676,16.86,11.36,Good
654,10.21,76.02,Very Poor
819,-18.52,81.44,Very Poor
463,2.35,68.92,Moderate
203,39.63,65.19,Good
451,0.48,36.75,Very Poor
784,-14.78,71.63,Very Poor
462,19.88,21.56,Very Poor
124,-10.52,14.1,Moderate
585,23.65,32.35,Good
521,-15.72,3.69,Very Poor
338,-15.23,99.03,Good
120,21.89,47.48,Good
165,-6.84,18.18,Poor
344,37.29,93.91,Very Poor
961,-3.25,89.85,Very Poor
796,34.35,79.89,Poor
774,-4.17,39.84,Good
986,34.37,26.38,Good
423,-13.97,13.04,Very Poor
301,38.86,11.18,Good
969,6.8,68.82,Poor
757,34.33,35.13,Moderate
787,-3.75,66.14,Good
42,-19.28,12.57,Moderate
773,22.18,71.03,Moderate
500,28.14,43.25,Poor
176,25.42,72.84,Poor
912,-15.54,39.97,Good
102,-7.3,14.45,Good
431,-10.14,79.49,Poor
126,-0.55,48.8,Very Poor
534,-18.56,84.33,Good
658,34.47,90.35,Good
19,5.53,78.98,Moderate
855,4.64,1.92,Poor
790,4.0,29.08,Good
226,5.95,19.15,Good
805,12.29,86.8,Good
900,12.83,69.65,Moderate
228,-0.59,76.81,Poor
94,28.34,72.67,Poor
74,11.38,72.2,Good
976,-6.85,20.88,Very Poor
259,36.48,91.48,Good
163,-17.98,83.67,Good
920,27.31,57.94,Poor
549,-9.08,1.37,Poor
735,38.58,2.78,Poor
80,24.98,87.45,Poor
490,28.24,50.18,Moderate
199,6.49,24.99,Moderate
299,-1.99,96.74,Good
200,-1.09,14.45,Poor
827,6.47,99.29,Poor
99,29.54,90.46,Moderate
394,39.04,16.03,Moderate
254,3.5,69.04,Moderate
699,31.55,45.6,Moderate
596,-5.74,58.86,Good
686,26.04,95.51,Poor
405,-9.99,17.89,Moderate
849,-15.71,68.72,Very Poor
954,-1.25,88.74,Very Poor
679,27.57,89.58,Poor
560,-18.16,66.9,Good
382,38.57,1.01,Poor
243,39.35,90.04,Moderate
377,39.03,76.63,Very Poor
953,4.16,91.54,Poor
113,-19.62,20.08,Very Poor
698,-5.78,30.52,Poor
307,-3.91,3.96,Poor
251,-6.68,37.37,Good
841,-12.28,38.44,Moderate
552,4.47,58.59,Very Poor
985,16.97,27.25,Moderate
343,9.32,79.67,Very Poor
308,0.03,87.97,Poor
43,-8.01,52.92,Good
586,-19.11,52.49,Very Poor
406,-17.04,8.92,Very Poor
159,15.63,48.13,Poor
628,18.79,6.62,Good
764,-3.94,63.99,Good
331,10.95,83.69,Moderate
16,34.28,88.97,Good
224,-10.32,72.44,Good
281,-6.41,91.81,Moderate
597,-12.33,80.49,Very Poor
55,32.6,22.01,Very Poor
614,-14.41,5.18,Very Poor
104,9.42,0.89,Very Poor
56,-14.54,78.02,Moderate
47,37.97,53.52,Poor
608,37.05,42.17,Moderate
903,17.48,62.62,Good
139,-12.4,94.14,Good
361,17.77,97.32,Poor
63,37.12,38.44,Poor
140,36.34,51.69,Good
913,-7.78,61.8,Very Poor
44,-4.86,91.33,Poor
861,33.87,88.66,Good
118,9.29,62.65,Good
442,-8.52,99.09,Poor
907,2.28,3.92,Very Poor
109,-2.77,64.41,Very Poor
557,-11.01,24.54,Poor
17,24.58,22.75,Good
609,-16.85,53.35,Poor
39,12.81,69.07,Moderate
854,23.38,99.52,Good
61,27.07,5.85,Poor
146,2.18,50.29,Good
89,33.67,35.73,Poor
386,6.32,0.73,Good
527,6.61,52.14,Poor
227,-16.09,74.1,Very Poor
816,6.17,36.03,Very Poor
721,-0.5,38.8,Poor
568,34.35,3.74,Poor
155,30.85,99.4,Very Poor
938,22.91,75.73,Moderate
85,8.75,12.81,Good
248,2.95,85.68,Moderate
414,32.75,65.25,Poor
850,32.51,50.54,Poor
506,28.39,32.25,Very Poor
14,1.17,12.75,Good
319,-17.6,65.6,Poor
1001,4.85,31.71,Moderate
1002,1.57,73.71,Very Poor
1003,-6.69,22.42,Very Poor
1004,25.85,77.37,Moderate
1005,34.13,48.32,Poor
1006,3.26,69.29,Poor
1007,-5.13,6.36,Poor
1008,6.84,67.21,Good
1009,28.96,99.88,Good
1010,4.12,53.07,Good
1011,-8.72,92.21,Good
1012,-0.17,70.53,Good
1013,18.12,25.14,Poor
1014,7.99,90.13,Moderate
1015,-3.58,99.25,Very Poor
1016,29.95,23.9,Moderate
1017,-1.36,58.01,Poor
1018,14.65,24.48,Moderate
1019,13.85,56.57,Good
1020,-4.16,14.12,Good
1021,-5.56,19.82,Moderate
1022,-12.7,53.78,Poor
1023,26.24,99.89,Good
1024,27.2,19.65,Moderate
1025,15.12,31.85,Moderate
1026,-12.02,15.16,Moderate
1027,30.25,75.74,Moderate
1028,15.03,75.14,Good
1029,33.07,86.25,Good
1030,-6.17,5.31,Good
1031,33.95,95.05,Moderate
1032,13.96,31.19,Poor
1033,-18.51,27.72,Moderate
1034,22.0,3.27,Good
1035,4.66,81.93,Very Poor
1036,-17.92,89.76,Good
1037,-15.4,87.56,Moderate
1038,-10.04,26.99,Moderate
1039,-0.07,82.49,Very Poor
1040,23.3,97.49,Good
1041,25.3,66.94,Poor
1042,36.23,0.15,Poor
1043,24.85,76.01,Very Poor
1044,36.69,48.31,Moderate
1045,15.02,77.74,Moderate
1046,3.79,33.39,Good
1047,25.46,43.53,Good
1048,-0.49,79.66,Poor
1049,4.42,75.46,Moderate
1050,16.92,39.46,Good
1051,8.73,68.07,Moderate
1052,5.33,73.03,Good
1053,28.22,92.25,Good
1054,22.67,57.35,Good
1055,18.32,20.1,Moderate
1056,-7.29,51.12,Moderate
1057,18.22,64.18,Good
1058,1.39,32.37,Poor
1059,28.78,5.29,Poor
1060,24.2,37.32,Very Poor
1061,28.88,11.54,Very Poor
1062,25.47,99.13,Good
1063,21.01,97.35,Moderate
1064,36.9,48.6,Good
1065,-13.43,39.8,Good
1066,1.75,23.25,Poor
1067,17.81,35.85,Poor
1068,38.11,69.06,Poor
1069,-14.84,80.54,Moderate
1070,26.73,1.4,Moderate
1071,15.87,30.5,Poor
1072,33.3,80.88,Poor
1073,6.44,49.4,Moderate
1074,35.57,56.96,Moderate
1075,-10.69,70.93,Poor
1076,5.16,33.39,Moderate
1077,-4.88,19.07,Good
1078,-14.69,8.75,Poor
1079,-9.36,38.23,Very Poor
1080,26.2,83.43,Poor
1081,25.81,29.79,Very Poor
1082,13.63,70.35,Poor
1083,3.94,42.48,Very Poor
1084,20.23,60.77,Poor
1085,26.07,38.85,Good
1086,-14.46,52.09,Very Poor
1087,0.17,43.7,Very Poor
1088,5.94,79.54,Poor
1089,35.9,49.48,Good
1090,-1.65,11.62,Good
1091,37.81,39.83,Very Poor
1092,27.93,27.2,Moderate
1093,36.65,95.64,Good
1094,36.04,33.17,Moderate
1095,-10.93,14.01,Moderate
1096,25.26,44.33,Good
1097,-9.89,50.1,Good
1098,26.04,28.61,Poor
1099,0.71,30.6,Poor
1100,26.21,46.5,Very Poor
1101,-9.12,83.23,Good
1102,-5.49,63.55,Very Poor
1103,15.72,11.7,Poor
1104,23.6,76.31,Good
1105,-1.56,24.94,Very Poor
1106,-1.2,51.51,Moderate
1107,22.09,32.37,Good
1108,35.82,90.81,Very Poor
1109,18.06,49.53,Good
1110,18.67,95.66,Moderate
1111,24.35,66.66,Moderate
1112,18.14,87.55,Moderate
1113,37.0,4.66,Very Poor
1114,-5.11,29.77,Moderate
1115,-15.2,15.45,Good
1116,12.36,27.31,Poor
1117,-1.35,2.61,Poor
1118,-8.16,38.64,Poor
1119,31.82,71.16,Poor
1120,-15.03,85.6,Good
1121,4.48,82.91,Good
1122,26.88,16.42,Poor
1123,1.47,19.21,Poor
1124,21.02,48.32,Good
1125,-3.45,50.62,Good
1126,-15.98,90.06,Good
1127,-19.32,69.82,Very Poor
1128,36.43,89.03,Moderate
1129,22.36,11.53,Poor
1130,15.53,66.01,Poor
1131,3.28,7.25,Poor
1132,-3.9,11.2,Poor
1133,-12.81,1.23,Moderate
1134,25.92,10.62,Moderate
1135,38.91,33.21,Moderate
1136,36.18,7.43,Very Poor
1137,22.45,48.67,Very Poor
1138,-10.42,36.07,Very Poor
1139,0.33,45.84,Poor
1140,16.22,56.43,Poor
1141,-7.79,82.02,Poor
1142,22.98,84.84,Very Poor
1143,8.66,27.61,Good
1144,-8.1,2.34,Very Poor
1145,3.7,85.17,Moderate
1146,36.61,17.03,Good
1147,39.8,33.29,Good
1148,7.9,43.03,Very Poor
1149,-5.46,31.2,Good
1150,5.01,16.57,Good
1151,-19.17,69.82,Very Poor
1152,-4.88,80.12,Very Poor
1153,31.44,97.52,Good
1154,25.87,16.46,Very Poor
1155,4.16,59.01,Moderate
1156,-17.86,17.91,Poor
1157,30.78,54.37,Poor
1158,6.8,53.38,Moderate
1159,-0.61,88.31,Moderate
1160,-12.84,32.78,Very Poor
1161,-17.94,77.29,Very Poor
1162,-9.73,11.07,Very Poor
1163,4.3,0.59,Poor
1164,3.22,51.27,Very Poor
1165,24.66,70.21,Moderate
1166,1.33,7.14,Moderate
1167,16.09,92.6,Good
1168,23.79,10.2,Moderate
1169,11.76,80.21,Moderate
1170,15.92,84.29,Poor
1171,16.01,56.57,Very Poor
1172,-15.73,96.57,Good
1173,-9.81,64.14,Very Poor
1174,33.31,2.03,Good
1175,-19.6,90.37,Moderate
1176,21.11,56.33,Good
1177,15.32,35.97,Poor
1178,-12.63,33.89,Moderate
1179,31.38,84.57,Good
1180,14.0,70.35,Very Poor
1181,30.52,35.86,Poor
1182,-10.34,17.99,Poor
1183,30.89,34.75,Moderate
1184,-14.21,16.63,Good
1185,27.74,75.7,Very Poor
1186,9.57,52.92,Poor
1187,10.12,33.8,Poor
1188,-13.2,20.36,Very Poor
1189,8.85,22.27,Poor
1190,-5.07,2.56,Very Poor
1191,0.53,61.24,Good
1192,-17.48,86.94,Moderate
1193,17.8,60.64,Good
1194,13.27,41.79,Good
1195,37.56,20.9,Good
1196,-19.25,19.6,Poor
1197,2.66,2.39,Poor
1198,17.81,11.28,Poor
1199,-1.5,95.26,Very Poor
1200,20.54,28.42,Moderate
1201,-0.45,63.68,Moderate
1202,36.5,94.4,Moderate
1203,27.72,43.93,Very Poor
1204,4.37,54.35,Poor
1205,-1.88,45.15,Poor
1206,-8.0,22.85,Good
1207,25.7,46.08,Very Poor
1208,-0.83,62.08,Poor
1209,-11.76,32.14,Very Poor
1210,-0.68,96.75,Good
1211,-12.7,37.55,Moderate
1212,13.52,70.67,Very Poor
1213,18.31,35.41,Good
1214,10.9,66.46,Good
1215,21.73,96.2,Good
1216,19.94,46.85,Good
1217,29.92,2.74,Very Poor
1218,36.93,61.44,Very Poor
1219,-11.81,87.26,Moderate
1220,8.77,39.14,Very Poor
1221,-11.89,2.33,Good
1222,19.96,69.35,Moderate
1223,20.78,40.14,Very Poor
1224,-4.52,73.12,Very Poor
1225,-0.02,27.28,Very Poor
1226,5.33,91.62,Very Poor
1227,7.82,34.14,Good
1228,29.83,83.1,Very Poor
1229,-8.26,78.65,Poor
1230,11.19,63.39,Good
1231,-7.8,87.98,Very Poor
1232,-11.62,63.76,Good
1233,14.71,51.64,Very Poor
1234,-18.56,71.13,Good
1235,11.18,78.6,Very Poor
1236,6.62,73.76,Poor
1237,17.32,34.78,Good
1238,-9.3,41.81,Moderate
1239,23.43,89.26,Poor
1240,33.2,3.36,Very Poor
1241,-14.28,85.79,Poor
1242,32.22,91.37,Moderate
1243,37.18,34.68,Poor
1244,14.1,66.84,Good
1245,3.48,27.87,Very Poor
1246,34.16,73.73,Good
1247,33.95,12.64,Moderate
1248,25.72,34.59,Poor
1249,-1.58,66.89,Good
1250,-5.17,4.12,Moderate
1251,38.93,4.77,Moderate
1252,30.66,84.06,Poor
1253,-16.36,63.4,Good
1254,-18.95,65.84,Moderate
1255,-6.59,13.34,Moderate
1256,24.84,74.04,Good
1257,-10.69,25.39,Good
1258,-10.82,88.18,Poor
1259,-13.66,42.32,Very Poor
1260,-8.18,39.78,Moderate
1261,-11.56,73.22,Very Poor
1262,15.56,67.25,Poor
1263,24.5,3.89,Good
1264,24.98,14.51,Good
1265,35.35,9.31,Poor
1266,0.27,36.67,Very Poor
1267,-14.24,20.05,Moderate
1268,-6.63,21.4,Very Poor
1269,11.79,59.05,Poor
1270,8.25,87.63,Good
1271,16.2,24.93,Poor
1272,28.64,25.7,Moderate
1273,-6.89,62.07,Very Poor
1274,6.31,49.49,Very Poor
1275,30.66,74.8,Moderate
1276,-3.7,31.86,Poor
1277,-9.1,12.47,Moderate
1278,31.25,92.95,Moderate
1279,6.47,40.09,Very Poor
1280,0.45,27.22,Moderate
1281,19.42,4.68,Poor
1282,-13.7,70.25,Poor
1283,12.9,55.12,Good
1284,10.66,77.25,Poor
1285,34.05,45.34,Poor
1286,0.34,10.91,Moderate
1287,29.11,35.13,Good
1288,-3.21,21.88,Good
1289,15.93,91.03,Very Poor
1290,26.18,14.41,Poor
1291,31.06,38.89,Good
1292,30.09,50.91,Moderate
1293,37.82,74.42,Very Poor
1294,-14.78,95.55,Good
1295,12.54,50.44,Moderate
1296,-19.02,7.39,Poor
1297,25.2,59.04,Moderate
1298,9.07,55.24,Moderate
1299,27.74,78.78,Good
1300,24.79,73.94,Poor
1301,-10.5,71.11,Poor
1302,17.61,79.68,Poor
1303,-6.67,50.86,Moderate
1304,-17.15,61.42,Poor
1305,38.24,13.45,Moderate
1306,1.93,76.55,Good
1307,14.51,24.02,Good
1308,-6.04,74.19,Very Poor
1309,34.08,97.35,Poor
1310,4.65,56.33,Good
1311,12.41,87.53,Moderate
1312,35.87,70.7,Moderate
1313,9.76,78.82,Good
1314,32.89,2.3,Very Poor
1315,30.42,83.54,Good
1316,35.39,50.1,Good
1317,-0.2,11.58,Moderate
1318,28.55,47.37,Good
1319,27.55,44.73,Moderate
1320,34.47,45.06,Poor
1321,39.23,34.95,Poor
1322,34.73,81.04,Good
1323,-3.42,18.4,Poor
1324,1.7,6.79,Very Poor
1325,-1.34,62.94,Very Poor
1326,10.0,37.06,Poor
1327,28.64,3.16,Moderate
1328,16.26,55.24,Poor
1329,33.08,52.34,Poor
1330,-1.82,8.1,Very Poor
1331,10.89,51.12,Very Poor
1332,-9.83,12.68,Poor
1333,14.9,75.39,Very Poor
1334,-18.33,17.23,Moderate
1335,21.53,8.92,Good
1336,6.41,0.45,Moderate
1337,-6.58,36.22,Very Poor
1338,6.81,44.83,Very Poor
1339,31.13,83.98,Very Poor
1340,-0.44,50.62,Very Poor
1341,16.95,21.31,Poor
1342,-15.19,64.97,Poor
1343,-13.06,19.94,Good
1344,12.75,9.45,Good
1345,-5.69,47.72,Poor
1346,38.34,81.3,Very Poor
1347,38.24,33.22,Good
1348,-16.98,76.95,Moderate
1349,-14.64,83.84,Moderate
1350,21.63,68.46,Good
1351,17.72,90.35,Moderate
1352,30.5,60.78,Very Poor
1353,-10.49,75.43,Good
1354,11.92,94.95,Poor
1355,13.46,21.56,Moderate
1356,28.62,16.35,Moderate
1357,16.98,56.82,Good
1358,38.53,12.01,Good
1359,13.41,1.96,Good
1360,32.15,15.96,Moderate
1361,28.99,38.69,Poor
1362,28.13,10.08,Very Poor
1363,-13.42,25.15,Moderate
1364,32.94,52.96,Good
1365,9.27,49.47,Poor
1366,26.0,94.72,Very Poor
1367,7.44,21.91,Good
1368,17.1,8.8,Very Poor
1369,12.69,49.97,Moderate
1370,18.94,12.99,Good
1371,3.1,56.14,Good
1372,-12.3,81.82,Good
1373,35.43,97.14,Very Poor
1374,-1.84,81.81,Very Poor
1375,-15.35,59.88,Moderate
1376,8.63,78.42,Good
1377,-1.75,57.29,Good
1378,7.72,58.15,Very Poor
1379,-13.35,26.12,Very Poor
1380,25.77,50.75,Moderate
1381,1.29,9.18,Poor
1382,38.53,86.38,Good
1383,-11.68,39.65,Good
1384,-7.68,71.65,Moderate
1385,35.21,22.67,Good
1386,-11.7,13.53,Moderate
1387,34.77,56.06,Good
1388,21.65,43.43,Moderate
1389,-11.49,26.53,Very Poor
1390,-17.02,3.59,Good
1391,-13.21,81.59,Moderate
1392,11.29,84.92,Very Poor
1393,19.8,55.18,Very Poor
1394,-6.85,86.55,Good
1395,-17.01,36.03,Very Poor
1396,10.88,57.02,Very Poor
1397,33.89,71.56,Poor
1398,2.44,50.17,Good
1399,15.67,60.14,Poor
1400,2.08,82.67,Very Poor
1401,-5.86,72.8,Good
1402,-16.85,6.42,Good
1403,-18.17,51.74,Poor
1404,10.13,44.48,Good
1405,11.63,71.62,Good
1406,25.47,18.65,Poor
1407,-4.46,58.66,Poor
1408,30.26,85.22,Very Poor
1409,-12.98,77.51,Poor
1410,-5.93,32.28,Moderate
1411,29.34,15.03,Very Poor
1412,37.2,51.08,Poor
1413,-4.59,57.25,Moderate
1414,6.75,89.68,Moderate
1415,-15.06,28.25,Moderate
1416,37.39,3.16,Moderate
1417,-3.73,22.94,Good
1418,12.48,83.61,Good
1419,25.66,55.19,Poor
1420,34.02,55.31,Good
1421,32.86,15.47,Moderate
1422,-14.48,64.04,Very Poor
1423,-9.75,77.77,Very Poor
1424,8.4,6.64,Moderate
1425,-13.88,56.66,Good
1426,-1.42,84.73,Very Poor
1427,10.08,14.27,Poor
1428,0.95,88.12,Moderate
1429,21.18,44.9,Very Poor
1430,35.75,79.48,Poor
1431,25.54,28.51,Moderate
1432,-3.43,52.6,Good
1433,21.02,47.29,Poor
1434,27.56,85.04,Good
1435,30.21,92.2,Very Poor
1436,-14.32,44.15,Good
1437,19.02,34.77,Moderate
1438,-11.44,73.66,Moderate
1439,-18.61,23.23,Poor
1440,5.72,48.15,Moderate
1441,-2.1,63.95,Good
1442,-4.61,84.17,Very Poor
1443,16.94,49.86,Moderate
1444,0.08,96.83,Very Poor
1445,-1.89,45.59,Good
1446,27.1,61.07,Very Poor
1447,0.65,81.6,Very Poor
1448,11.29,35.78,Good
1449,10.3,38.86,Good
1450,4.75,77.66,Moderate
1451,-5.04,58.39,Very Poor
1452,-11.38,51.03,Moderate
1453,-4.75,57.96,Good
1454,-6.49,45.73,Very Poor
1455,7.58,72.77,Good
1456,-2.19,75.69,Moderate
1457,38.56,0.76,Moderate
1458,21.36,60.89,Poor
1459,-16.41,84.01,Good
1460,-11.79,60.18,Moderate
1461,-11.05,48.8,Poor
1462,-16.84,68.57,Moderate
1463,14.1,90.34,Poor
1464,10.9,3.93,Good
1465,-17.97,86.96,Poor
1466,-5.68,16.07,Moderate
1467,-14.13,86.28,Good
1468,-13.75,73.06,Moderate
1469,-15.94,35.1,Very Poor
1470,7.88,27.23,Poor
1471,2.71,95.65,Poor
1472,19.6,20.11,Good
1473,-7.56,0.94,Very Poor
1474,38.61,49.13,Very Poor
1475,15.95,87.65,Moderate
1476,35.96,3.94,Good
1477,39.27,34.33,Very Poor
1478,38.97,81.65,Good
1479,30.48,99.89,Good
1480,5.43,17.25,Very Poor
1481,1.4,0.81,Good
1482,38.17,13.31,Poor
1483,-0.72,0.51,Moderate
1484,27.1,97.55,Good
1485,-9.27,45.87,Very Poor
1486,3.28,50.86,Moderate
1487,5.08,21.64,Very Poor
1488,-17.98,87.94,Moderate
1489,-10.22,25.32,Good
1490,-7.98,26.2,Good
1491,-12.35,30.73,Very Poor
1492,-4.39,42.97,Moderate
1493,17.36,58.67,Very Poor
1494,-4.29,62.42,Poor
1495,-12.33,31.21,Poor
1496,-6.15,81.48,Good
1497,36.78,57.99,Poor
1498,-14.67,49.85,Good
1499,-1.36,29.17,Poor
1500,29.68,97.49,Good
1501,-8.93,63.23,Moderate
1502,-2.41,37.68,Poor
1503,1.99,77.95,Good
1504,-17.93,73.05,Very Poor
1505,33.35,81.05,Moderate
1506,-9.59,94.68,Good
1507,30.39,53.74,Very Poor
1508,12.93,70.25,Moderate
1509,-10.85,12.81,Poor
1510,-5.55,90.44,Very Poor
1511,-1.74,54.24,Good
1512,9.14,67.84,Moderate
1513,-17.44,24.62,Moderate
1514,7.81,0.76,Moderate
1515,5.16,24.52,Moderate
1516,11.5,91.44,Good
1517,28.79,58.26,Poor
1518,20.87,27.34,Poor
1519,-8.46,13.83,Moderate
1520,5.58,4.16,Good
1521,-8.4,62.37,Moderate
1522,24.91,16.68,Good
1523,13.52,12.77,Moderate
1524,15.65,12.71,Moderate
1525,-19.48,22.94,Poor
1526,10.57,17.53,Very Poor
1527,9.73,9.06,Very Poor
1528,-13.05,63.18,Very Poor
1529,28.64,18.1,Very Poor
1530,31.91,88.81,Poor
1531,39.41,32.2,Moderate
1532,6.77,99.39,Moderate
1533,-11.24,29.48,Moderate
1534,-12.81,42.3,Good
1535,24.87,94.63,Poor
1536,7.29,87.82,Very Poor
1537,-4.46,90.17,Good
1538,-11.91,77.14,Poor
1539,28.78,87.67,Good
1540,9.17,59.87,Very Poor
1541,14.09,45.34,Very Poor
1542,31.58,31.26,Poor
1543,-15.26,39.39,Good
1544,-1.89,49.16,Poor
1545,36.53,85.36,Moderate
1546,7.06,99.03,Poor
1547,37.24,89.0,Very Poor
1548,32.67,92.57,Moderate
1549,35.36,22.37,Poor
1550,3.02,79.1,Poor
1551,7.75,25.64,Good
1552,7.22,81.77,Very Poor
1553,23.83,66.67,Very Poor
1554,-10.79,63.69,Moderate
1555,16.02,74.57,Good
1556,16.94,62.15,Very Poor
1557,2.09,41.17,Very Poor
1558,-11.33,4.55,Moderate
1559,-13.42,5.84,Very Poor
1560,-19.6,13.7,Moderate
1561,17.73,98.03,Very Poor
1562,19.46,25.51,Good
1563,8.06,4.19,Moderate
1564,18.71,11.71,Good
1565,18.93,90.23,Very Poor
1566,28.76,32.2,Good
1567,-19.84,38.52,Poor
1568,36.62,74.49,Moderate
1569,29.47,13.67,Good
1570,24.88,33.48,Moderate
1571,39.17,35.26,Poor
1572,2.64,10.39,Good
1573,18.25,21.65,Very Poor
1574,12.69,85.23,Very Poor
1575,-18.07,33.06,Moderate
1576,34.03,56.46,Moderate
1577,-9.25,29.06,Very Poor
1578,12.27,56.01,Very Poor
1579,-13.61,39.19,Poor
1580,13.26,30.98,Very Poor
1581,-14.61,32.25,Poor
1582,4.56,17.24,Good
1583,25.65,23.99,Moderate
1584,39.65,56.2,Good
1585,29.97,31.75,Moderate
1586,18.07,42.54,Very Poor
1587,-6.21,92.79,Good
1588,-15.0,59.11,Poor
1589,-3.28,76.23,Good
1590,18.93,96.68,Very Poor
1591,22.55,10.77,Poor
1592,13.27,97.77,Good
1593,-18.12,74.89,Good
1594,-16.0,35.18,Very Poor
1595,-9.68,57.13,Very Poor
1596,18.03,36.12,Moderate
1597,1.35,81.07,Very Poor
1598,12.62,91.78,Very Poor
1599,18.98,48.07,Good
1600,7.89,89.79,Very Poor
1601,15.65,22.73,Poor
1602,-0.08,12.29,Moderate
1603,38.25,85.91,Good
1604,30.58,50.78,Very Poor
1605,-3.59,25.27,Good
1606,-19.29,6.52,Moderate
1607,37.43,59.92,Poor
1608,14.33,56.16,Moderate
1609,35.06,48.82,Poor
1610,10.28,24.78,Poor
1611,39.86,19.55,Moderate
1612,2.02,20.81,Poor
1613,37.23,38.48,Moderate
1614,-11.61,18.28,Moderate
1615,-2.67,62.24,Moderate
1616,14.57,41.7,Very Poor
1617,35.68,24.92,Good
1618,14.42,66.08,Poor
1619,31.23,68.63,Poor
1620,-4.48,46.74,Very Poor
1621,3.91,27.8,Very Poor
1622,-18.9,85.48,Good
1623,11.16,69.31,Moderate
1624,26.86,40.76,Poor
1625,14.74,88.01,Very Poor
1626,13.23,27.35,Good
1627,-9.88,84.54,Moderate
1628,8.39,1.34,Moderate
1629,27.08,15.55,Very Poor
1630,-3.28,31.55,Good
1631,16.49,51.97,Good
1632,2.21,14.19,Very Poor
1633,5.58,4.91,Poor
1634,27.06,6.38,Very Poor
1635,16.59,13.4,Very Poor
1636,32.3,96.75,Good
1637,18.96,59.53,Poor
1638,2.4,22.38,Poor
1639,11.31,81.93,Good
1640,-3.59,10.45,Very Poor
1641,39.67,2.99,Moderate
1642,11.57,44.32,Good
1643,-17.33,35.75,Poor
1644,-17.57,28.69,Good
1645,38.14,40.54,Poor
1646,-1.99,3.71,Poor
1647,36.16,10.31,Poor
1648,-12.83,22.39,Very Poor
1649,-13.54,83.48,Very Poor
1650,-18.96,16.95,Good
1651,-4.27,65.97,Moderate
1652,31.5,92.1,Poor
1653,8.89,41.86,Poor
1654,37.45,72.68,Very Poor
1655,27.63,79.74,Poor
1656,6.98,88.13,Moderate
1657,31.38,61.25,Very Poor
1658,16.41,13.56,Very Poor
1659,-5.76,17.11,Poor
1660,20.24,74.01,Good
1661,27.61,44.93,Good
1662,39.02,92.57,Moderate
1663,24.99,18.04,Very Poor
1664,5.29,95.95,Very Poor
1665,8.08,23.44,Moderate
1666,4.65,26.48,Poor
1667,21.54,90.9,Very Poor
1668,-12.56,84.37,Poor
1669,23.46,15.83,Very Poor
1670,30.14,14.4,Good
1671,29.08,99.03,Poor
1672,20.57,63.79,Good
1673,23.42,88.92,Moderate
1674,-19.78,76.55,Good
1675,-3.99,77.43,Poor
1676,5.99,68.62,Good
1677,-10.89,45.75,Moderate
1678,34.55,23.47,Poor
1679,-14.93,77.96,Good
1680,-3.9,95.3,Good
1681,-8.26,89.69,Poor
1682,36.88,32.28,Very Poor
1683,-11.6,86.16,Poor
1684,-1.79,97.63,Very Poor
1685,-6.91,83.59,Good
1686,32.21,14.63,Moderate
1687,19.22,52.81,Poor
1688,24.09,98.71,Poor
1689,-11.21,17.08,Very Poor
1690,-19.01,11.66,Moderate
1691,39.11,38.67,Moderate
1692,33.64,2.97,Moderate
1693,-5.94,67.01,Very Poor
1694,-1.77,98.91,Very Poor
1695,27.28,60.74,Moderate
1696,0.44,61.0,Moderate
1697,3.86,89.74,Moderate
1698,0.94,65.07,Very Poor
1699,23.27,57.75,Good
1700,-15.33,37.81,Poor
1701,28.5,1.56,Very Poor
1702,-6.47,48.17,Very Poor
1703,32.94,48.89,Poor
1704,27.61,54.13,Poor
1705,-5.25,80.52,Good
1706,-17.67,16.61,Poor
1707,35.28,8.6,Poor
1708,35.27,93.48,Very Poor
1709,32.84,14.77,Moderate
1710,-4.75,38.7,Very Poor
1711,-9.06,15.51,Moderate
1712,7.06,43.03,Poor
1713,9.6,75.3,Moderate
1714,31.22,84.13,Very Poor
1715,21.44,88.59,Very Poor
1716,19.37,42.43,Moderate
1717,12.49,97.63,Moderate
1718,15.38,38.79,Moderate
1719,36.41,24.37,Very Poor
1720,37.81,54.53,Moderate
1721,11.38,5.15,Very Poor
1722,25.41,87.73,Good
1723,36.83,79.78,Very Poor
1724,-9.31,43.92,Poor
1725,-18.76,82.04,Good
1726,37.23,59.31,Moderate
1727,29.35,92.23,Moderate
1728,33.17,6.33,Poor
1729,-17.05,34.79,Good
1730,12.8,21.61,Very Poor
1731,23.62,42.93,Good
1732,6.16,42.57,Poor
1733,37.46,85.29,Good
1734,-12.41,20.11,Good
1735,-17.23,96.69,Moderate
1736,13.11,25.14,Good
1737,8.66,51.02,Poor
1738,14.14,99.96,Very Poor
1739,36.7,8.26,Poor
1740,-2.04,66.42,Very Poor
1741,6.29,58.45,Moderate
1742,-19.93,66.16,Moderate
1743,36.19,75.17,Poor
1744,21.05,76.04,Moderate
1745,37.4,24.32,Very Poor
1746,-5.57,13.0,Poor
1747,0.94,0.68,Very Poor
1748,0.76,8.66,Poor
1749,-0.12,13.15,Good
1750,-4.22,92.84,Moderate
1751,25.4,8.26,Good
1752,28.93,30.37,Moderate
1753,-19.1,97.82,Good
1754,3.41,28.35,Good
1755,37.23,95.27,Moderate
1756,-16.88,67.08,Very Poor
1757,10.05,5.8,Moderate
1758,2.97,44.12,Very Poor
1759,-12.91,83.37,Very Poor
1760,26.72,30.37,Very Poor
1761,-15.2,97.78,Moderate
1762,35.59,22.84,Poor
1763,30.96,40.89,Very Poor
1764,7.46,31.07,Very Poor
1765,7.84,95.68,Moderate
1766,-10.64,5.97,Moderate
1767,7.21,13.92,Good
1768,2.44,44.08,Good
1769,-10.83,83.71,Good
1770,3.02,44.27,Good
1771,32.95,68.78,Poor
1772,4.33,18.22,Poor
1773,-16.82,39.73,Very Poor
1774,29.4,91.79,Poor
1775,14.87,88.62,Very Poor
1776,9.82,85.17,Poor
1777,-2.03,78.6,Very Poor
1778,2.67,26.82,Very Poor
1779,26.79,98.13,Moderate
1780,3.52,38.86,Very Poor
1781,-1.85,7.19,Very Poor
1782,-16.02,43.95,Poor
1783,20.88,46.94,Very Poor
1784,2.01,81.76,Good
1785,1.12,83.31,Good
1786,4.27,27.95,Moderate
1787,-3.58,64.74,Good
1788,19.55,50.67,Poor
1789,-7.18,57.52,Good
1790,38.3,97.39,Moderate
1791,26.22,13.46,Moderate
1792,-16.61,3.79,Very Poor
1793,28.03,50.62,Very Poor
1794,8.52,13.37,Very Poor
1795,-10.5,48.6,Moderate
1796,22.22,94.83,Moderate
1797,-0.21,91.11,Good
1798,4.37,49.33,Good
1799,1.17,4.76,Moderate
1800,-7.45,80.67,Moderate
1801,17.16,31.27,Poor
1802,28.76,26.83,Poor
1803,17.01,56.58,Very Poor
1804,35.62,65.93,Moderate
1805,-8.51,4.45,Moderate
1806,-0.83,16.26,Moderate
1807,34.1,62.5,Very Poor
1808,-5.46,78.5,Very Poor
1809,22.46,45.95,Good
1810,31.36,92.45,Very Poor
1811,10.6,39.28,Poor
1812,37.11,94.7,Poor
1813,11.29,92.87,Good
1814,26.51,0.91,Good
1815,-18.27,77.53,Very Poor
1816,-2.16,43.44,Good
1817,34.57,21.5,Good
1818,15.81,31.02,Poor
1819,19.8,62.05,Moderate
1820,36.89,46.8,Good
1821,14.95,79.1,Moderate
1822,6.35,47.91,Moderate
1823,30.34,55.93,Very Poor
1824,-7.36,88.95,Moderate
1825,-1.49,13.85,Good
1826,3.55,36.23,Very Poor
1827,17.62,28.67,Very Poor
1828,18.73,83.18,Good
1829,17.89,16.89,Very Poor
1830,-5.16,37.19,Very Poor
1831,-14.71,42.47,Poor
1832,18.9,28.67,Poor
1833,12.93,7.01,Good
1834,8.37,41.04,Poor
1835,26.8,89.59,Poor
1836,5.92,74.09,Good
1837,-2.4,13.43,Moderate
1838,6.75,67.67,Very Poor
1839,-18.66,45.29,Poor
1840,19.89,87.34,Poor
1841,-1.88,60.22,Very Poor
1842,-16.45,18.06,Good
1843,21.11,85.98,Moderate
1844,-13.86,98.19,Very Poor
1845,3.05,8.96,Poor
1846,19.13,20.63,Moderate
1847,24.53,28.2,Very Poor
1848,21.55,35.31,Good
1849,9.59,14.65,Moderate
1850,-1.53,15.82,Moderate
1851,-17.13,72.71,Very Poor
1852,35.28,20.49,Good
1853,-13.77,34.28,Moderate
1854,35.29,10.48,Moderate
1855,24.12,19.53,Very Poor
1856,-0.54,78.41,Moderate
1857,5.55,98.77,Poor
1858,20.71,42.81,Moderate
1859,19.33,88.97,Very Poor
1860,11.01,61.49,Poor
1861,27.72,26.49,Moderate
1862,39.87,68.57,Very Poor
1863,4.5,22.9,Moderate
1864,-5.43,24.63,Moderate
1865,-1.62,73.56,Moderate
1866,-4.98,30.67,Very Poor
1867,-14.55,21.83,Poor
1868,25.84,98.88,Poor
1869,18.03,15.95,Good
1870,24.03,97.03,Moderate
1871,-15.79,43.72,Very Poor
1872,27.53,34.1,Very Poor
1873,29.2,44.51,Good
1874,-14.16,0.76,Good
1875,-5.16,85.88,Poor
1876,-10.26,79.14,Very Poor
1877,29.48,65.84,Very Poor
1878,9.4,70.02,Good
1879,12.2,94.11,Poor
1880,-19.23,94.85,Good
1881,17.85,93.33,Poor
1882,19.67,39.38,Poor
1883,21.88,95.95,Very Poor
1884,-7.12,23.71,Very Poor
1885,13.28,23.87,Good
1886,30.7,5.36,Poor
1887,-5.62,24.9,Good
1888,-13.09,53.57,Good
1889,4.68,43.43,Poor
1890,-18.6,56.9,Poor
1891,-19.83,28.92,Very Poor
1892,-7.68,98.96,Very Poor
1893,24.73,67.34,Very Poor
1894,-5.15,50.56,Good
1895,22.58,47.33,Poor
1896,6.21,80.34,Poor
1897,18.74,55.01,Very Poor
1898,5.51,15.3,Good
1899,2.42,21.1,Good
1900,19.72,73.07,Good
1901,-14.09,12.94,Poor
1902,26.17,74.97,Moderate
1903,-6.89,35.97,Poor
1904,0.13,10.26,Poor
1905,4.05,78.36,Good
1906,27.52,0.04,Very Poor
1907,14.26,66.63,Good
1908,36.03,19.06,Very Poor
1909,15.41,6.05,Good
1910,-17.9,66.69,Poor
1911,38.12,16.96,Good
1912,12.64,33.55,Poor
1913,-8.79,12.23,Good
1914,17.48,59.1,Good
1915,-17.23,51.6,Very Poor
1916,5.3,3.2,Very Poor
1917,10.59,60.07,Poor
1918,-7.96,18.19,Moderate
1919,-4.3,72.85,Moderate
1920,-3.75,11.32,Very Poor
1921,18.87,73.13,Very Poor
1922,-14.18,2.23,Good
1923,23.77,96.24,Moderate
1924,18.08,67.21,Moderate
1925,12.22,77.33,Very Poor
1926,14.45,95.78,Moderate
1927,16.65,95.12,Very Poor
1928,23.86,93.36,Moderate
1929,5.69,17.03,Moderate
1930,11.26,50.61,Very Poor
1931,-6.35,62.03,Good
1932,33.93,84.52,Good
1933,-19.63,54.81,Good
1934,36.28,94.33,Poor
1935,19.38,23.0,Moderate
1936,24.42,3.93,Very Poor
1937,39.21,78.59,Poor
1938,-6.96,84.03,Good
1939,33.06,50.14,Good
1940,30.35,98.89,Very Poor
1941,34.34,1.91,Very Poor
1942,19.2,78.56,Good
1943,-13.42,68.77,Poor
1944,-9.9,85.44,Poor
1945,19.24,41.59,Moderate
1946,17.19,43.81,Poor
1947,-7.33,85.47,Very Poor
1948,24.21,92.83,Very Poor
1949,10.47,57.94,Moderate
1950,21.24,20.68,Moderate
1951,22.24,49.07,Very Poor
1952,14.7,15.27,Poor
1953,1.1,68.56,Moderate
1954,-14.32,58.04,Moderate
1955,-5.57,32.7,Moderate
1956,-9.11,74.82,Good
1957,-13.94,47.96,Moderate
1958,27.79,60.9,Moderate
1959,39.54,89.88,Moderate
1960,25.06,25.19,Moderate
1961,38.39,80.37,Poor
1962,0.19,13.72,Moderate
1963,28.79,52.77,Poor
1964,-7.32,64.01,Good
1965,-18.02,30.7,Poor
1966,2.28,23.14,Very Poor
1967,18.87,90.88,Very Poor
1968,-7.2,7.45,Poor
1969,-11.47,73.83,Good
1970,18.32,37.56,Moderate
1971,36.07,19.64,Good
1972,12.93,68.27,Poor
1973,13.54,75.85,Good
1974,-2.26,98.71,Good
1975,10.14,6.54,Moderate
1976,22.51,35.35,Poor
1977,-9.79,13.86,Very Poor
1978,28.5,41.05,Moderate
1979,24.44,60.48,Moderate
1980,-15.82,84.84,Good
1981,34.58,24.95,Moderate
1982,22.59,85.39,Very Poor
1983,17.17,0.37,Good
1984,14.06,57.1,Poor
1985,38.42,98.6,Poor
1986,12.35,9.95,Good
1987,24.75,67.6,Poor
1988,-16.59,64.39,Good
1989,27.31,74.82,Poor
1990,5.0,84.06,Moderate
1991,-10.87,29.83,Moderate
1992,11.59,45.99,Good
1993,15.65,32.65,Very Poor
1994,29.28,96.79,Very Poor
1995,34.62,83.59,Very Poor
1996,-11.07,90.89,Very Poor
1997,-11.39,27.36,Poor
1998,-2.81,32.96,Moderate
1999,25.89,69.72,Poor
2000,36.55,10.91,Poor
2001,23.47,5.23,Poor
2002,1.72,55.49,Moderate
2003,15.43,93.39,Moderate
2004,5.02,59.65,Poor
2005,-10.29,9.93,Moderate
2006,-6.03,4.64,Very Poor
2007,32.16,88.7,Good
2008,18.72,81.65,Moderate
2009,-9.53,68.96,Poor
2010,7.11,86.58,Poor
2011,-5.25,10.26,Good
2012,32.92,44.35,Very Poor
2013,23.55,64.53,Poor
2014,-9.62,66.79,Very Poor
2015,37.92,63.15,Poor
2016,7.59,99.76,Moderate
2017,37.9,21.34,Good
2018,-14.98,14.18,Poor
2019,5.84,89.31,Moderate
2020,19.84,64.55,Poor
2021,-6.84,13.81,Good
2022,-8.8,38.89,Poor
2023,37.36,47.0,Very Poor
2024,24.27,14.4,Moderate
2025,6.41,37.33,Poor
2026,32.51,19.64,Good
2027,-8.45,87.57,Moderate
2028,-6.69,30.96,Good
2029,22.81,11.89,Very Poor
2030,-14.65,70.79,Very Poor
2031,-6.92,0.28,Moderate
2032,7.64,20.25,Poor
2033,21.91,16.49,Good
2034,-8.79,90.02,Poor
2035,-7.22,44.04,Good
2036,15.89,57.61,Good
2037,-0.14,12.48,Good
2038,35.33,99.47,Poor
2039,35.82,38.32,Poor
2040,29.91,3.05,Poor
2041,33.27,43.98,Very Poor
2042,8.22,68.91,Very Poor
2043,8.16,1.55,Very Poor
2044,-15.11,24.74,Poor
2045,9.22,17.6,Very Poor
2046,13.0,18.11,Very Poor
2047,-19.68,89.81,Moderate
2048,9.11,83.33,Very Poor
2049,0.73,34.96,Moderate
2050,21.8,84.45,Poor
2051,28.58,48.12,Moderate
2052,-2.35,93.07,Good
2053,7.43,11.29,Good
2054,21.78,19.25,Moderate
2055,19.88,40.19,Very Poor
2056,0.01,87.17,Good
2057,39.98,39.22,Good
2058,35.32,37.97,Very Poor
2059,-18.9,89.76,Good
2060,4.3,30.65,Good
2061,12.63,40.83,Poor
2062,-4.62,21.84,Good
2063,-9.04,34.0,Moderate
2064,-3.76,93.94,Good
2065,30.77,35.35,Moderate
2066,-5.62,76.11,Good
2067,16.7,7.29,Moderate
2068,29.01,39.42,Very Poor
2069,27.12,12.54,Poor
2070,4.09,40.05,Good
2071,-11.31,16.54,Good
2072,31.99,57.34,Moderate
2073,11.32,66.64,Moderate
2074,33.68,56.54,Moderate
2075,-6.31,50.62,Very Poor
2076,3.56,63.67,Very Poor
2077,-12.46,45.82,Good
2078,5.96,37.93,Poor
2079,0.07,79.51,Very Poor
2080,12.0,18.48,Poor
2081,8.62,99.18,Moderate
2082,0.92,13.11,Good
2083,29.84,67.08,Very Poor
2084,14.3,54.34,Poor
2085,31.18,59.45,Moderate
2086,23.7,77.33,Moderate
2087,12.27,28.23,Moderate
2088,19.17,82.1,Poor
2089,33.24,85.24,Moderate
2090,-4.39,18.65,Good
2091,-9.28,99.24,Very Poor
2092,28.04,22.39,Good
2093,-6.82,30.62,Good
2094,-11.64,46.14,Very Poor
2095,-1.7,90.8,Poor
2096,19.47,34.17,Moderate
2097,20.23,85.46,Moderate
2098,4.56,17.87,Good
2099,19.59,66.91,Poor
2100,12.91,86.57,Good
2101,-12.69,5.26,Poor
2102,34.57,83.84,Poor
2103,22.11,76.76,Very Poor
2104,-16.37,82.61,Moderate
2105,-8.97,27.14,Good
2106,-12.65,16.39,Poor
2107,38.62,22.24,Moderate
2108,-9.83,75.46,Good
2109,31.62,26.94,Good
2110,29.52,37.34,Very Poor
2111,34.22,82.54,Good
2112,-15.28,65.54,Poor
2113,16.89,19.76,Good
2114,26.06,54.49,Moderate
2115,20.57,39.08,Moderate
2116,-12.54,39.88,Poor
2117,-3.55,22.21,Very Poor
2118,-9.15,81.88,Good
2119,28.01,18.99,Moderate
2120,10.65,4.26,Poor
2121,-2.72,89.17,Moderate
2122,24.98,56.2,Very Poor
2123,34.49,36.82,Poor
2124,27.95,49.87,Very Poor
2125,-6.77,15.47,Very Poor
2126,-7.85,95.25,Very Poor
2127,1.01,48.57,Very Poor
2128,39.77,87.61,Poor
2129,9.05,14.08,Poor
2130,22.13,32.02,Very Poor
2131,24.32,70.2,Moderate
2132,30.44,55.83,Very Poor
2133,5.49,78.11,Very Poor
2134,5.05,38.31,Good
2135,-11.12,92.07,Good
2136,15.97,88.53,Poor
2137,38.33,86.64,Good
2138,-6.48,60.54,Very Poor
2139,25.38,5.62,Poor
2140,14.72,26.33,Poor
2141,34.85,2.81,Very Poor
2142,9.88,97.33,Very Poor
2143,25.41,87.93,Good
2144,34.95,94.05,Moderate
2145,1.74,83.58,Good
2146,3.44,9.33,Very Poor
2147,38.52,48.2,Poor
2148,-2.04,85.76,Poor
2149,12.26,21.47,Very Poor
2150,10.9,81.64,Very Poor
2151,20.36,55.79,Good
2152,-19.18,36.4,Very Poor
2153,21.45,81.91,Poor
2154,12.4,14.09,Moderate
2155,-10.18,92.63,Moderate
2156,25.35,36.99,Very Poor
2157,11.79,90.46,Moderate
2158,-11.13,33.44,Moderate
2159,-3.1,73.34,Moderate
2160,36.15,93.03,Very Poor
2161,22.42,91.77,Very Poor
2162,-5.32,75.95,Moderate
2163,39.62,45.09,Very Poor
2164,15.76,7.2,Very Poor
2165,2.24,48.22,Good
2166,16.28,98.12,Poor
2167,31.77,70.73,Good
2168,-0.15,38.57,Moderate
2169,14.66,43.12,Good
2170,33.59,79.0,Poor
2171,25.05,90.12,Very Poor
2172,34.62,84.9,Very Poor
2173,6.33,37.15,Moderate
2174,36.56,26.75,Good
2175,39.34,18.27,Very Poor
2176,38.92,76.42,Moderate
2177,20.8,36.83,Moderate
2178,-5.72,44.72,Very Poor
2179,28.55,27.96,Poor
2180,-14.59,60.44,Moderate
2181,-3.31,63.69,Poor
2182,6.93,4.68,Good
2183,0.74,59.89,Very Poor
2184,2.69,69.33,Very Poor
2185,-15.45,54.73,Poor
2186,11.8,85.17,Moderate
2187,-19.07,47.43,Good
2188,2.74,24.05,Good
2189,0.02,16.71,Poor
2190,-2.84,87.4,Very Poor
2191,37.9,83.9,Good
2192,-16.79,63.55,Very Poor
2193,-0.82,48.3,Poor
2194,36.04,57.41,Poor
2195,22.82,93.35,Moderate
2196,4.08,99.74,Very Poor
2197,31.43,58.84,Very Poor
2198,-8.4,27.38,Poor
2199,-0.94,64.58,Good
2200,35.44,38.13,Very Poor
2201,3.76,60.9,Very Poor
2202,-11.57,87.06,Good
2203,28.14,95.11,Poor
2204,-2.49,29.23,Poor
2205,26.05,23.72,Very Poor
2206,-0.28,35.8,Very Poor
2207,21.09,83.35,Poor
2208,21.74,83.69,Poor
2209,30.18,43.32,Very Poor
2210,-9.45,12.08,Poor
2211,23.77,72.33,Good
2212,27.03,12.09,Very Poor
2213,1.3,17.06,Good
2214,11.53,98.21,Moderate
2215,38.8,12.22,Good
2216,-13.62,76.08,Moderate
2217,38.94,81.48,Very Poor
2218,33.7,54.46,Moderate
2219,2.2,66.31,Very Poor
2220,37.65,51.45,Poor
2221,26.6,13.42,Good
2222,5.09,79.57,Good
2223,9.94,70.65,Poor
2224,-14.45,34.81,Moderate
2225,17.81,61.5,Poor
2226,38.01,83.42,Very Poor
2227,7.74,0.19,Very Poor
2228,-15.07,71.66,Good
2229,39.46,70.78,Good
2230,-13.18,92.57,Moderate
2231,24.4,83.89,Moderate
2232,-0.2,83.4,Good
2233,25.63,45.62,Very Poor
2234,-12.69,5.49,Poor
2235,-11.4,64.2,Poor
2236,5.51,0.51,Very Poor
2237,7.64,39.45,Very Poor
2238,24.58,17.77,Poor
2239,-18.88,20.48,Poor
2240,-6.76,10.43,Good
2241,37.42,4.45,Moderate
2242,35.58,26.93,Good
2243,37.52,69.76,Poor
2244,15.83,14.57,Moderate
2245,-18.77,50.04,Poor
2246,9.32,27.28,Poor
2247,32.89,76.33,Moderate
2248,-14.12,5.75,Good
2249,-6.27,12.33,Very Poor
2250,18.51,68.51,Very Poor
2251,35.12,92.34,Poor
2252,-13.59,61.56,Very Poor
2253,25.8,6.82,Very Poor
2254,-0.04,49.64,Good
2255,-0.03,34.57,Poor
2256,-1.6,81.99,Moderate
2257,23.79,24.71,Moderate
2258,15.26,45.83,Good
2259,-18.27,7.96,Good
2260,31.51,70.14,Moderate
2261,10.23,3.46,Moderate
2262,-16.91,16.19,Good
2263,20.75,58.63,Poor
2264,7.2,15.6,Poor
2265,8.81,27.06,Very Poor
2266,27.56,93.73,Good
2267,-14.81,33.86,Very Poor
2268,-16.03,2.95,Very Poor
2269,-1.1,65.84,Very Poor
2270,-12.49,26.41,Poor
2271,11.22,27.23,Very Poor
2272,19.26,56.96,Poor
2273,30.01,84.88,Very Poor
2274,0.81,57.12,Poor
2275,27.19,4.55,Moderate
2276,5.23,85.61,Very Poor
2277,27.44,11.94,Very Poor
2278,24.72,36.3,Moderate
2279,-15.78,76.03,Poor
2280,18.76,92.99,Poor
2281,39.73,68.69,Good
2282,-1.84,94.79,Good
2283,9.61,93.96,Good
2284,30.32,81.11,Moderate
2285,-16.66,75.55,Very Poor
2286,20.26,66.23,Good
2287,33.12,29.33,Very Poor
2288,7.06,52.38,Moderate
2289,21.21,85.99,Poor
2290,11.26,56.24,Very Poor
2291,37.58,58.6,Poor
2292,-6.99,25.42,Poor
2293,30.21,47.49,Very Poor
2294,-11.97,55.0,Poor
2295,9.36,39.09,Moderate
2296,3.81,70.67,Very Poor
2297,12.47,88.5,Good
2298,14.52,14.15,Very Poor
2299,2.28,89.82,Moderate
2300,25.76,15.14,Poor
2301,-4.21,22.97,Good
2302,-1.0,24.94,Very Poor
2303,12.2,16.44,Poor
2304,-14.81,19.57,Poor
2305,20.56,35.28,Poor
2306,-16.35,10.29,Good
2307,15.44,43.77,Very Poor
2308,36.12,26.23,Moderate
2309,36.01,62.27,Very Poor
2310,-9.65,72.39,Moderate
2311,31.49,59.52,Very Poor
2312,38.69,96.4,Very Poor
2313,36.06,81.28,Poor
2314,30.0,54.85,Poor
2315,-4.16,38.62,Moderate
2316,18.68,79.28,Moderate
2317,23.77,22.3,Poor
2318,16.47,23.25,Good
2319,27.97,18.2,Good
2320,-5.74,28.15,Moderate
2321,-0.15,91.84,Moderate
2322,-10.12,78.55,Moderate
2323,38.25,36.49,Moderate
2324,-18.88,26.3,Poor
2325,33.82,22.43,Moderate
2326,24.41,84.03,Poor
2327,-7.73,81.88,Poor
2328,15.05,60.56,Moderate
2329,-17.03,26.49,Good
2330,34.69,46.69,Good
2331,11.75,22.13,Poor
2332,8.2,51.84,Very Poor
2333,-3.04,23.34,Good
2334,23.4,28.95,Moderate
2335,34.67,22.63,Poor
2336,-2.51,67.26,Good
2337,17.67,84.28,Poor
2338,11.23,32.9,Moderate
2339,-19.53,86.68,Very Poor
2340,26.3,68.98,Moderate
2341,-1.16,24.17,Good
2342,11.72,60.74,Poor
2343,-19.48,12.78,Very Poor
2344,34.97,72.83,Moderate
2345,11.87,11.34,Very Poor
2346,5.81,60.91,Very Poor
2347,18.62,99.07,Very Poor
2348,-12.21,63.13,Good
2349,-15.46,57.91,Very Poor
2350,-9.44,5.21,Poor
2351,-3.44,17.17,Good
2352,-15.24,73.22,Poor
2353,2.05,36.63,Moderate
2354,29.2,89.65,Good
2355,6.47,29.91,Moderate
2356,-3.66,45.21,Very Poor
2357,7.32,97.11,Very Poor
2358,19.09,34.06,Poor
2359,16.17,86.09,Poor
2360,-9.7,93.61,Very Poor
2361,17.05,61.06,Moderate
2362,8.32,18.69,Very Poor
2363,18.18,63.64,Poor
2364,7.12,78.98,Very Poor
2365,-6.47,93.55,Very Poor
2366,-2.12,14.73,Moderate
2367,-5.67,62.51,Good
2368,36.04,72.25,Good
2369,25.63,67.35,Poor
2370,-19.15,62.35,Moderate
2371,14.13,22.69,Poor
2372,31.92,88.45,Poor
2373,-3.13,56.62,Very Poor
2374,32.99,21.63,Poor
2375,19.93,90.1,Very Poor
2376,4.32,22.53,Moderate
2377,15.05,88.42,Moderate
2378,2.03,12.5,Poor
2379,-15.42,28.44,Moderate
2380,1.64,43.45,Moderate
2381,-15.07,91.47,Poor
2382,10.01,31.64,Poor
2383,10.23,46.92,Very Poor
2384,-0.44,77.15,Moderate
2385,26.11,84.77,Poor
2386,-0.37,48.67,Moderate
2387,30.61,78.12,Moderate
2388,35.68,57.79,Very Poor
2389,26.4,57.68,Poor
2390,-14.02,94.3,Good
2391,15.41,42.96,Very Poor
2392,35.59,59.7,Good
2393,3.92,26.92,Good
2394,18.4,16.22,Poor
2395,9.5,64.72,Good
2396,-19.33,29.42,Moderate
2397,19.11,29.54,Poor
2398,13.44,79.18,Poor
2399,-7.3,31.6,Good
2400,-3.54,21.96,Poor
2401,16.36,1.21,Very Poor
2402,15.59,65.89,Good
2403,38.16,41.65,Moderate
2404,-18.78,26.47,Very Poor
2405,-10.6,2.42,Good
2406,36.12,26.02,Very Poor
2407,16.87,84.46,Poor
2408,16.09,10.45,Moderate
2409,18.24,84.56,Very Poor
2410,-17.71,95.72,Good
2411,33.71,78.93,Moderate
2412,13.71,75.56,Good
2413,18.61,3.88,Good
2414,20.57,29.13,Poor
2415,8.64,41.7,Good
2416,21.9,71.26,Moderate
2417,3.31,25.4,Good
2418,-6.52,70.78,Very Poor
2419,-2.69,17.78,Very Poor
2420,19.06,97.28,Poor
2421,4.8,35.99,Moderate
2422,26.3,81.19,Moderate
2423,4.58,91.71,Poor
2424,37.71,66.29,Good
2425,5.69,15.23,Moderate
2426,6.54,81.58,Poor
2427,15.66,6.18,Moderate
2428,-14.79,92.95,Very Poor
2429,-2.84,61.34,Very Poor
2430,23.69,91.59,Good
2431,4.92,84.94,Very Poor
2432,-9.68,69.66,Good
2433,2.54,60.75,Very Poor
2434,35.09,5.85,Very Poor
2435,-0.03,69.68,Very Poor
2436,-3.76,82.98,Good
2437,36.29,7.42,Very Poor
2438,-17.9,49.9,Moderate
2439,-13.67,92.55,Good
2440,-11.68,16.14,Moderate
2441,8.88,64.34,Very Poor
2442,-14.72,70.9,Very Poor
2443,-2.4,62.7,Very Poor
2444,27.0,92.95,Moderate
2445,31.82,85.24,Good
2446,35.73,76.37,Poor
2447,-3.17,50.56,Poor
2448,-17.45,30.04,Good
2449,24.11,8.47,Very Poor
2450,-0.52,50.61,Good
2451,3.87,36.77,Good
2452,-4.44,48.24,Moderate
2453,19.59,77.19,Very Poor
2454,13.92,5.52,Very Poor
2455,1.89,85.13,Moderate
2456,20.33,27.4,Very Poor
2457,39.61,83.6,Good
2458,-5.69,15.74,Very Poor
2459,-6.95,69.8,Good
2460,15.43,58.13,Moderate
2461,2.59,34.22,Poor
2462,-19.94,26.13,Poor
2463,35.88,39.1,Very Poor
2464,-9.86,37.15,Poor
2465,22.33,33.78,Very Poor
2466,-5.83,5.92,Good
2467,22.65,41.49,Poor
2468,23.67,41.8,Moderate
2469,9.95,81.65,Very Poor
2470,-12.31,43.95,Good
2471,10.35,0.97,Good
2472,15.92,31.89,Moderate
2473,23.13,59.78,Poor
2474,32.65,99.44,Moderate
2475,9.97,95.57,Good
2476,-10.92,68.42,Very Poor
2477,-11.69,92.59,Very Poor
2478,19.7,29.77,Moderate
2479,-13.92,92.77,Very Poor
2480,19.25,4.1,Good
2481,21.11,91.51,Good
2482,-13.61,9.72,Moderate
2483,27.61,20.5,Very Poor
2484,14.49,40.79,Poor
2485,-5.73,46.69,Very Poor
2486,19.15,65.08,Very Poor
2487,21.92,18.82,Poor
2488,0.33,91.03,Good
2489,12.84,18.11,Moderate
2490,-0.08,68.27,Good
2491,10.61,37.86,Poor
2492,35.52,83.32,Good
2493,33.73,56.7,Moderate
2494,27.86,56.29,Very Poor
2495,2.58,83.7,Very Poor
2496,18.53,44.93,Good
2497,16.34,52.85,Good
2498,9.29,33.49,Good
2499,31.64,91.76,Moderate
2500,32.66,80.86,Poor
2501,36.62,83.36,Moderate
2502,7.8,64.91,Very Poor
2503,-17.57,33.25,Very Poor
2504,31.38,64.92,Very Poor
2505,19.76,54.74,Very Poor
2506,0.2,83.89,Moderate
2507,39.26,98.83,Very Poor
2508,34.33,91.3,Moderate
2509,-17.75,51.45,Poor
2510,5.29,45.96,Poor
2511,12.06,60.78,Moderate
2512,23.5,83.83,Very Poor
2513,29.36,27.47,Poor
2514,-8.96,21.95,Good
2515,1.69,82.94,Moderate
2516,-1.51,56.24,Good
2517,-1.23,1.57,Moderate
2518,5.59,55.99,Good
2519,-17.01,89.86,Very Poor
2520,24.81,14.46,Very Poor
2521,-11.53,88.3,Moderate
2522,35.94,69.51,Very Poor
2523,23.54,1.63,Poor
2524,32.03,24.14,Poor
2525,0.44,44.02,Very Poor
2526,-8.7,75.92,Poor
2527,-7.63,48.12,Poor
2528,30.5,50.87,Poor
2529,17.06,36.88,Very Poor
2530,38.51,18.19,Moderate
2531,0.65,20.25,Very Poor
2532,4.71,75.5,Moderate
2533,-14.45,43.24,Poor
2534,-1.5,10.36,Poor
2535,-9.39,36.87,Very Poor
2536,34.76,50.14,Poor
2537,15.06,15.74,Very Poor
2538,-9.49,28.48,Good
2539,36.36,84.5,Moderate
2540,25.18,85.74,Good
2541,23.99,66.39,Poor
2542,3.93,79.0,Poor
2543,8.46,20.66,Moderate
2544,6.07,53.58,Moderate
2545,36.34,52.14,Very Poor
2546,4.85,25.21,Poor
2547,24.09,6.29,Very Poor
2548,20.08,74.86,Very Poor
2549,34.22,92.01,Moderate
2550,36.26,35.69,Very Poor
2551,-4.26,94.68,Moderate
2552,37.0,6.32,Poor
2553,15.5,70.89,Moderate
2554,9.92,90.68,Poor
2555,-2.46,77.09,Poor
2556,13.54,47.15,Very Poor
2557,36.04,65.34,Poor
2558,8.55,72.48,Poor
2559,-19.42,93.19,Moderate
2560,30.75,45.98,Very Poor
2561,4.55,51.98,Good
2562,6.09,41.37,Good
2563,13.17,41.57,Very Poor
2564,24.97,38.54,Moderate
2565,36.51,75.64,Very Poor
2566,13.9,30.87,Poor
2567,6.53,52.13,Very Poor
2568,1.39,10.34,Very Poor
2569,-7.13,84.13,Good
2570,12.04,84.06,Poor
2571,5.3,35.9,Good
2572,-3.66,55.54,Good
2573,-13.38,78.19,Moderate
2574,37.76,4.72,Good
2575,-8.86,9.19,Poor
2576,-18.47,88.13,Moderate
2577,16.33,91.85,Poor
2578,-9.24,29.91,Very Poor
2579,28.06,31.63,Good
2580,5.27,91.86,Good
2581,14.93,23.99,Very Poor
2582,33.49,30.49,Poor
2583,-7.35,73.77,Very Poor
2584,29.4,60.85,Poor
2585,-3.07,77.78,Moderate
2586,20.04,93.69,Very Poor
2587,0.77,34.05,Good
2588,30.21,92.87,Good
2589,-2.73,50.1,Good
2590,14.44,78.31,Very Poor
2591,-9.59,80.81,Good
2592,-18.61,40.43,Very Poor
2593,29.06,44.09,Good
2594,-14.05,21.03,Very Poor
2595,36.93,91.08,Poor
2596,30.86,80.05,Moderate
2597,0.3,14.87,Poor
2598,13.26,64.26,Good
2599,0.91,78.5,Poor
2600,-5.3,72.21,Moderate
2601,33.52,77.06,Moderate
2602,-4.19,27.53,Moderate
2603,-4.97,35.38,Poor
2604,22.41,26.99,Moderate
2605,27.1,75.9,Very Poor
2606,23.68,50.89,Moderate
2607,19.17,48.37,Moderate
2608,29.74,49.4,Moderate
2609,21.41,58.37,Very Poor
2610,28.17,9.57,Moderate
2611,-2.6,34.8,Poor
2612,-17.58,73.67,Poor
2613,-19.44,72.14,Moderate
2614,13.08,45.64,Moderate
2615,30.98,85.99,Moderate
2616,6.64,61.6,Good
2617,26.9,16.97,Good
2618,0.74,59.25,Poor
2619,11.34,69.14,Poor
2620,13.16,15.54,Poor
2621,13.0,72.9,Good
2622,22.06,59.98,Good
2623,-3.77,52.72,Moderate
2624,4.17,13.37,Good
2625,-5.02,94.47,Very Poor
2626,35.97,84.7,Very Poor
2627,-18.97,31.31,Good
2628,-2.56,60.65,Moderate
2629,12.24,44.19,Very Poor
2630,3.43,34.69,Very Poor
2631,-2.63,38.77,Very Poor
2632,-7.05,19.07,Good
2633,-10.84,81.49,Very Poor
2634,17.96,13.49,Very Poor
2635,-10.23,94.72,Moderate
2636,-12.49,56.01,Very Poor
2637,24.54,47.6,Very Poor
2638,26.17,32.6,Poor
2639,-7.31,97.85,Poor
2640,24.9,36.08,Good
2641,-9.61,23.23,Very Poor
2642,-7.86,6.47,Moderate
2643,-6.65,37.57,Poor
2644,-8.69,38.73,Good
2645,7.89,51.04,Good
2646,30.06,87.51,Moderate
2647,18.37,18.37,Moderate
2648,-15.08,13.36,Poor
2649,-13.29,82.22,Moderate
2650,-5.97,20.82,Very Poor
2651,31.27,21.58,Very Poor
2652,14.56,34.99,Very Poor
2653,34.02,92.74,Good
2654,12.24,47.34,Poor
2655,-14.28,75.54,Very Poor
2656,12.48,52.12,Moderate
2657,17.44,50.75,Moderate
2658,-0.48,84.66,Very Poor
2659,17.28,82.55,Very Poor
2660,-7.06,21.68,Moderate
2661,23.47,36.11,Moderate
2662,-14.99,20.24,Poor
2663,10.85,8.28,Good
2664,-15.01,41.14,Poor
2665,-4.65,99.51,Good
2666,2.97,40.54,Poor
2667,15.02,77.27,Moderate
2668,15.54,67.15,Very Poor
2669,-0.21,26.91,Moderate
2670,17.65,57.34,Poor
2671,-6.81,55.55,Very Poor
2672,5.11,87.45,Very Poor
2673,-12.54,74.96,Good
2674,14.25,81.6,Poor
2675,-14.05,86.94,Very Poor
2676,9.2,65.54,Moderate
2677,30.31,99.0,Moderate
2678,-1.71,92.27,Good
2679,-16.91,64.82,Very Poor
2680,9.59,54.78,Poor
2681,-10.16,2.47,Very Poor
2682,-16.69,42.89,Very Poor
2683,-9.36,46.97,Poor
2684,-18.22,87.77,Good
2685,-8.49,38.55,Poor
2686,-18.73,88.3,Poor
2687,36.65,45.95,Poor
2688,38.99,47.15,Moderate
2689,-7.65,38.63,Poor
2690,-1.14,31.59,Very Poor
2691,21.48,13.44,Poor
2692,22.64,99.55,Poor
2693,-3.06,22.29,Good
2694,25.96,76.77,Very Poor
2695,-5.56,31.73,Moderate
2696,8.35,78.98,Moderate
2697,28.51,28.66,Moderate
2698,32.62,16.6,Good
2699,-4.2,43.04,Very Poor
2700,-7.68,23.0,Good
2701,27.81,29.64,Good
2702,32.88,55.75,Moderate
2703,28.9,35.62,Moderate
2704,0.69,7.39,Poor
2705,16.47,42.18,Poor
2706,11.2,99.59,Moderate
2707,5.82,37.07,Poor
2708,-13.64,26.69,Good
2709,-12.38,44.51,Poor
2710,37.0,57.31,Very Poor
2711,7.01,81.41,Poor
2712,0.45,73.63,Poor
2713,23.9,26.56,Poor
2714,-1.03,6.12,Moderate
2715,-11.36,72.98,Moderate
2716,18.45,15.49,Moderate
2717,27.4,18.78,Moderate
2718,0.49,69.13,Moderate
2719,15.22,7.53,Good
2720,-7.45,55.16,Poor
2721,-10.02,27.66,Very Poor
2722,8.41,92.74,Good
2723,14.22,87.44,Poor
2724,-19.64,33.89,Moderate
2725,-5.68,59.4,Very Poor
2726,13.64,43.58,Poor
2727,-15.16,99.84,Poor
2728,24.25,4.98,Good
2729,10.53,72.17,Good
2730,38.57,79.01,Moderate
2731,39.75,68.31,Moderate
2732,-6.52,88.5,Poor
2733,36.13,61.06,Good
2734,6.76,80.37,Very Poor
2735,23.42,25.7,Poor
2736,7.0,47.45,Good
2737,32.52,29.62,Poor
2738,-11.32,5.35,Very Poor
2739,-4.77,42.66,Poor
2740,39.3,67.41,Good
2741,23.43,58.38,Very Poor
2742,31.43,91.43,Moderate
2743,-5.41,35.36,Poor
2744,-6.3,77.42,Good
2745,25.39,29.01,Good
2746,22.97,51.49,Very Poor
2747,-18.08,65.44,Moderate
2748,4.03,91.88,Poor
2749,29.57,6.31,Poor
2750,38.0,71.77,Moderate
2751,13.27,48.64,Good
2752,2.27,44.22,Very Poor
2753,-13.85,66.16,Moderate
2754,7.41,93.53,Poor
2755,25.14,39.27,Very Poor
2756,8.7,58.0,Poor
2757,32.75,96.98,Moderate
2758,32.91,8.14,Poor
2759,21.75,25.26,Good
2760,-0.98,48.0,Very Poor
2761,13.03,24.03,Moderate
2762,29.45,21.27,Good
2763,-9.29,65.48,Very Poor
2764,-9.82,84.99,Moderate
2765,-7.94,16.84,Very Poor
2766,24.16,53.85,Very Poor
2767,22.78,28.7,Very Poor
2768,32.13,34.28,Good
2769,21.04,65.03,Good
2770,24.11,92.2,Moderate
2771,25.25,80.52,Very Poor
2772,0.72,81.55,Good
2773,-16.12,99.81,Poor
2774,-4.07,3.22,Very Poor
2775,5.65,34.53,Moderate
2776,-5.57,64.93,Poor
2777,35.88,68.59,Very Poor
2778,28.47,28.66,Very Poor
2779,36.71,30.7,Moderate
2780,11.06,48.92,Poor
2781,12.8,78.68,Good
2782,15.19,75.8,Very Poor
2783,17.71,67.87,Good
2784,15.54,5.01,Very Poor
2785,-6.32,26.52,Poor
2786,5.12,28.58,Poor
2787,6.35,20.67,Poor
2788,-8.29,55.88,Very Poor
2789,8.38,26.7,Good
2790,23.9,15.09,Good
2791,28.65,50.47,Very Poor
2792,-19.68,47.62,Very Poor
2793,5.01,86.57,Good
2794,6.99,11.91,Moderate
2795,35.04,43.09,Very Poor
2796,3.97,27.52,Good
2797,29.25,91.0,Good
2798,-16.96,42.47,Poor
2799,2.46,93.95,Very Poor
2800,10.14,43.47,Very Poor
2801,-10.62,1.67,Moderate
2802,28.9,91.98,Good
2803,-6.39,60.78,Good
2804,-4.88,28.28,Moderate
2805,24.02,49.13,Very Poor
2806,3.73,94.38,Very Poor
2807,17.15,90.97,Moderate
2808,14.35,53.78,Poor
2809,-4.43,17.21,Very Poor
2810,31.42,83.33,Very Poor
2811,5.34,55.69,Moderate
2812,13.8,9.15,Very Poor
2813,1.94,11.2,Moderate
2814,17.35,93.59,Good
2815,17.09,86.99,Good
2816,-10.4,96.76,Moderate
2817,34.31,20.98,Moderate
2818,36.14,72.31,Very Poor
2819,-8.43,10.65,Good
2820,21.07,5.27,Poor
2821,-12.44,25.29,Poor
2822,24.05,85.89,Poor
2823,10.12,85.34,Poor
2824,36.26,65.63,Poor
2825,23.76,78.13,Good
2826,-14.05,35.07,Good
2827,-15.43,94.55,Good
2828,-2.95,69.12,Good
2829,-5.23,5.98,Moderate
2830,-18.46,41.39,Poor
2831,39.88,94.17,Good
2832,-3.81,99.84,Very Poor
2833,30.11,89.85,Good
2834,29.92,53.6,Moderate
2835,-18.32,94.08,Poor
2836,-7.69,82.27,Poor
2837,21.17,55.33,Moderate
2838,-2.4,77.96,Poor
2839,27.64,88.14,Poor
2840,38.18,33.64,Poor
2841,28.43,20.2,Poor
2842,16.18,51.5,Very Poor
2843,25.83,19.54,Very Poor
2844,10.81,14.56,Poor
2845,-19.11,13.11,Very Poor
2846,28.09,97.51,Moderate
2847,28.77,35.2,Good
2848,30.51,27.16,Moderate
2849,1.43,12.59,Poor
2850,16.49,39.15,Good
2851,15.17,68.49,Moderate
2852,31.69,16.57,Moderate
2853,29.69,91.31,Very Poor
2854,-16.09,41.45,Moderate
2855,1.53,65.24,Very Poor
2856,3.72,74.34,Good
2857,11.18,48.05,Good
2858,-9.73,62.47,Moderate
2859,18.5,57.85,Good
2860,-9.36,6.17,Poor
2861,18.91,74.97,Very Poor
2862,26.45,93.27,Poor
2863,-14.1,33.76,Very Poor
2864,-3.65,83.8,Poor
2865,31.25,28.88,Very Poor
2866,6.29,6.16,Poor
2867,-19.99,36.23,Very Poor
2868,-14.26,39.37,Moderate
2869,29.57,5.65,Very Poor
2870,24.37,90.88,Good
2871,37.45,14.41,Very Poor
2872,-4.44,33.65,Poor
2873,37.06,71.46,Good
2874,28.2,77.79,Good
2875,-10.28,97.59,Moderate
2876,15.71,86.44,Very Poor
2877,12.83,85.39,Moderate
2878,-14.48,9.39,Moderate
2879,26.94,84.04,Very Poor
2880,-14.42,71.96,Good
2881,20.92,61.91,Good
2882,37.72,55.05,Good
2883,4.29,53.36,Moderate
2884,4.84,3.86,Good
2885,18.36,78.84,Very Poor
2886,38.55,32.56,Moderate
2887,-5.11,46.55,Poor
2888,32.39,88.11,Good
2889,-14.62,30.08,Moderate
2890,25.78,79.68,Very Poor
2891,14.99,64.29,Good
2892,11.27,33.08,Poor
2893,5.59,80.76,Poor
2894,12.13,60.09,Poor
2895,-12.62,19.37,Poor
2896,-7.15,84.25,Poor
2897,13.0,82.57,Very Poor
2898,-18.35,75.58,Poor
2899,28.39,75.08,Very Poor
2900,24.86,65.1,Poor
2901,-5.53,5.02,Good
2902,11.18,73.8,Very Poor
2903,-0.39,62.78,Moderate
2904,32.78,45.85,Moderate
2905,5.05,70.86,Very Poor
2906,-11.2,18.83,Good
2907,13.92,9.16,Very Poor
2908,37.52,99.08,Good
2909,6.04,72.42,Good
2910,35.78,52.21,Poor
2911,31.88,98.3,Poor
2912,16.18,99.84,Good
2913,16.15,20.6,Moderate
2914,0.25,11.61,Good
2915,-4.04,11.51,Poor
2916,17.12,98.75,Good
2917,-9.28,82.22,Poor
2918,29.26,31.13,Moderate
2919,-15.06,97.21,Moderate
2920,32.52,34.28,Moderate
2921,-1.81,54.02,Very Poor
2922,27.13,43.08,Good
2923,35.51,38.73,Poor
2924,10.65,18.59,Moderate
2925,-16.48,39.29,Very Poor
2926,11.63,37.6,Moderate
2927,14.68,38.43,Good
2928,-13.18,95.56,Very Poor
2929,16.2,35.12,Moderate
2930,2.18,16.79,Poor
2931,19.02,83.71,Good
2932,-19.11,75.91,Moderate
2933,20.67,80.25,Good
2934,3.8,0.83,Moderate
2935,-5.36,22.92,Moderate
2936,35.78,49.1,Very Poor
2937,-1.51,60.31,Very Poor
2938,-12.47,1.21,Good
2939,8.7,11.97,Poor
2940,23.57,82.4,Very Poor
2941,13.01,3.48,Poor
2942,36.04,17.54,Good
2943,-13.95,30.48,Moderate
2944,23.11,29.55,Poor
2945,-16.74,14.19,Poor
2946,12.56,47.52,Good
2947,27.84,9.06,Very Poor
2948,29.47,9.51,Moderate
2949,4.49,92.76,Very Poor
2950,2.79,11.93,Poor
2951,38.15,44.27,Moderate
2952,4.77,14.56,Good
2953,-7.6,51.26,Very Poor
2954,30.97,42.15,Very Poor
2955,29.17,39.76,Good
2956,6.24,79.6,Moderate
2957,22.21,50.66,Very Poor
2958,33.14,15.98,Moderate
2959,-11.68,52.82,Poor
2960,2.29,3.4,Very Poor
2961,-17.89,81.87,Poor
2962,-13.71,50.44,Good
2963,5.9,78.29,Very Poor
2964,37.64,62.32,Poor
2965,-10.12,95.17,Good
2966,3.49,6.45,Moderate
2967,28.44,0.23,Poor
2968,12.63,74.61,Poor
2969,20.06,24.04,Very Poor
2970,13.56,53.26,Good
2971,4.39,40.56,Very Poor
2972,-13.09,43.67,Moderate
2973,28.18,33.18,Moderate
2974,4.72,12.26,Very Poor
2975,5.75,27.83,Good
2976,6.88,6.21,Very Poor
2977,-15.52,82.28,Moderate
2978,1.36,25.98,Very Poor
2979,-13.59,73.56,Good
2980,38.98,35.47,Very Poor
2981,-0.17,27.01,Very Poor
2982,25.34,49.33,Very Poor
2983,-9.69,56.31,Good
2984,16.76,57.07,Moderate
2985,-10.74,51.52,Moderate
2986,15.1,50.2,Good
2987,-2.45,69.54,Very Poor
2988,-10.52,84.59,Moderate
2989,-6.66,3.14,Good
2990,-19.51,24.11,Moderate
2991,32.81,2.15,Moderate
2992,1.79,22.33,Moderate
2993,28.06,6.15,Moderate
2994,11.6,32.48,Good
2995,20.53,69.57,Good
2996,15.37,98.09,Good
2997,38.93,46.65,Poor
2998,-0.92,3.75,Moderate
2999,37.91,60.08,Very Poor
3000,19.21,71.95,Good
